step,reward,mean_form_error,mean_z_error,min_dyn_distance,collision
0,-0.05278899544442702,0.34550264814403076,0.0019446611404418945,0.7633636593818665,0.0
1,-0.06086851358682096,0.345690968435657,0.001952528953552246,0.7633681297302246,0.0
2,-0.06611681456004874,0.34592396989708785,0.0019603967666625977,0.7633712291717529,0.0
3,-0.0716838329054529,0.3461765777464255,0.0019682645797729492,0.7633728384971619,0.0
4,-0.07695471744166324,0.34644031853251844,0.0019761323928833008,0.7633731365203857,0.0
5,-0.08041383154797578,0.3467117845079155,0.0019840002059936523,0.763372004032135,0.0
6,-0.08491693588735999,0.34698938084335296,0.001991868019104004,0.7633695006370544,0.0
7,-0.08574436600959481,0.34727227040041797,0.0019997358322143555,0.763365626335144,0.0
8,-0.08921484502991059,0.3475599748535575,0.002007603645324707,0.7633603811264038,0.0
9,-0.0912772010128849,0.3478522014455977,0.0020154714584350586,0.763353705406189,0.0
10,-0.09281528501466887,0.34814875851968463,0.0020232200622558594,0.7633455991744995,0.0
11,-0.0926894197698935,0.34844952695203446,0.002031087875366211,0.7633361220359802,0.0
12,-0.08877089684707029,0.34875441482968894,0.0020389556884765625,0.7633253335952759,0.0
13,-0.09435140347174423,0.349063359397194,0.002046823501586914,0.7633130550384521,0.0
14,-0.08794120608962995,0.3493763140149838,0.0020546913146972656,0.7632995247840881,0.0
15,-0.09073311605264853,0.3496932434327721,0.002062559127807617,0.7632846236228943,0.0
16,-0.08926444822940942,0.350014119119482,0.002070307731628418,0.7632681727409363,0.0
17,-0.08989887553062587,0.35033892493621394,0.0020781755447387695,0.763250470161438,0.0
18,-0.09058600032449529,0.350667641302519,0.002086043357849121,0.7632313370704651,0.0
19,-0.0888829216758918,0.35100025544429314,0.0020939111709594727,0.7632109522819519,0.0
20,-0.08760796076414405,0.3513367533261043,0.0021016597747802734,0.7631890177726746,0.0
21,-0.0901568965325902,0.3516771308944778,0.002109527587890625,0.7631658911705017,0.0
22,-0.08683552634269101,0.3520213776328437,0.0021173954010009766,0.7631412744522095,0.0
23,-0.08950157469023926,0.3523694864159372,0.002125263214111328,0.7631153464317322,0.0
24,-0.08727830924365765,0.3527214501595437,0.002133011817932129,0.7630879282951355,0.0
25,-0.08674146922675822,0.3530772662863408,0.0021408796310424805,0.7630592584609985,0.0
26,-0.08633542328854904,0.3534369296288083,0.002148747444152832,0.7630292177200317,0.0
27,-0.0879372775550009,0.35380043198882866,0.002156496047973633,0.7629976868629456,0.0
28,-0.08336869963580469,0.3541677736412858,0.0021643638610839844,0.7629649043083191,0.0
29,-0.08694226329125233,0.3545389481226215,0.002172112464904785,0.762930691242218,0.0
30,-0.08453558715157652,0.35491395287538563,0.0021799802780151367,0.7628952264785767,0.0
31,-0.08659405259519529,0.3552927836890956,0.0021878480911254883,0.7628583908081055,0.0
32,-0.08621861185767887,0.3556754359522744,0.002195596694946289,0.7628201246261597,0.0
33,-0.08777492217481969,0.35606190746543487,0.0022034645080566406,0.7627805471420288,0.0
34,-0.08556072802784366,0.3564521924603414,0.0022112131118774414,0.7627395391464233,0.0
35,-0.08491282875618385,0.3568462909453742,0.002219080924987793,0.7626972794532776,0.0
36,-0.08671216124094357,0.35724419462858786,0.0022268295288085938,0.7626534700393677,0.0
37,-0.08515120464023795,0.3576459035363544,0.0022346973419189453,0.7626085877418518,0.0
38,-0.08784702195072237,0.3580514110143783,0.002242445945739746,0.762562096118927,0.0
39,-0.08631374004988222,0.3584607166711799,0.0022503137588500977,0.7625144720077515,0.0
40,-0.08561101562799121,0.3588738120411009,0.0022580623626708984,0.7624652981758118,0.0
41,-0.0860834063165025,0.3592906966874221,0.00226593017578125,0.7624149322509766,0.0
42,-0.08673763904862704,0.35971136452845087,0.0022736787796020508,0.7623630166053772,0.0
43,-0.08721693624514795,0.360135812327406,0.0022815465927124023,0.7623100280761719,0.0
44,-0.08681367153342794,0.36056403360501493,0.002289295196533203,0.7622554898262024,0.0
45,-0.08614629139774432,0.36099602626963995,0.002297043800354004,0.7621996402740479,0.0
46,-0.08793440838366165,0.36143178494843536,0.0023049116134643555,0.762142539024353,0.0
47,-0.0872740263928011,0.3618713036355205,0.0023126602172851562,0.7620840072631836,0.0
48,-0.08906999249995654,0.36231457937067113,0.002320408821105957,0.7620241045951843,0.0
49,-0.08841551598732748,0.3627616060627419,0.0023282766342163086,0.7619629502296448,0.0
50,-0.08816921211642827,0.3632123771795354,0.0023360252380371094,0.7619003653526306,0.0
51,-0.08955889035208647,0.36366688900055566,0.00234377384185791,0.7618364691734314,0.0
52,-0.08763439727108116,0.3641251376367064,0.0023516416549682617,0.7617713212966919,0.0
53,-0.0893964118716905,0.3645871163876801,0.0023593902587890625,0.7617048025131226,0.0
54,-0.08880109603786766,0.3650528166771335,0.0023671388626098633,0.7616369128227234,0.0
55,-0.09033656657671588,0.3655222351252268,0.002374887466430664,0.7615676522254944,0.0
56,-0.08896138574619644,0.36599536675258526,0.0023827552795410156,0.7614972591400146,0.0
57,-0.09220648012140342,0.36647220319626256,0.0023905038833618164,0.7614254355430603,0.0
58,-0.09007829488715972,0.36695273921165383,0.002398252487182617,0.7613521218299866,0.0
59,-0.09333621279051904,0.36743697047727497,0.002406001091003418,0.7612776160240173,0.0
60,-0.09050183520223812,0.36792488786479965,0.0024138689041137695,0.7612019181251526,0.0
61,-0.09110834024923045,0.36841648432291646,0.0024216175079345703,0.7611246705055237,0.0
62,-0.09160052889734478,0.3689117540291246,0.002429366111755371,0.7610462307929993,0.0
63,-0.09221380317393467,0.36941069034218216,0.002437114715576172,0.7609663009643555,0.0
64,-0.09275582013122277,0.3699132859406551,0.0024448633193969727,0.7608852386474609,0.0
65,-0.09341314437286294,0.37041953579817444,0.0024526119232177734,0.760802686214447,0.0
66,-0.09388506521018744,0.3709294285900879,0.0024603605270385742,0.7607190012931824,0.0
67,-0.09454945772040996,0.37144295901917396,0.002468109130859375,0.7606338262557983,0.0
68,-0.09502887536318014,0.37196012040575877,0.0024759769439697266,0.7605476379394531,0.0
69,-0.09570030797928093,0.3724809029894129,0.0024837255477905273,0.7604598999023438,0.0
70,-0.0961870703870178,0.3730052998367997,0.002491474151611328,0.7603707909584045,0.0
71,-0.09686551333524024,0.37353330524364337,0.002499222755432129,0.7602804899215698,0.0
72,-0.09762626011305434,0.3740649069442839,0.0025069713592529297,0.7601888179779053,0.0
73,-0.09827583015685912,0.3746000989762305,0.0025147199630737305,0.7600958347320557,0.0
74,-0.0988176625503243,0.37513887331890744,0.0025224685668945312,0.7600015997886658,0.0
75,-0.09947434960874689,0.3756812206410106,0.002530217170715332,0.7599059343338013,0.0
76,-0.1000233116141596,0.3762271326730394,0.002537965774536133,0.7598090767860413,0.0
77,-0.10068708304497039,0.3767766010347192,0.0025457143783569336,0.759710967540741,0.0
78,-0.10124314368532102,0.37732961989732466,0.0025534629821777344,0.7596114873886108,0.0
79,-0.10191390328742615,0.3778861730084498,0.0025610923767089844,0.7595105767250061,0.0
80,-0.10247702196822135,0.3784462571488948,0.002568840980529785,0.7594084739685059,0.0
81,-0.10315242201280958,0.3790098611283076,0.002576589584350586,0.7593051195144653,0.0
82,-0.1021511834385708,0.37957697662440093,0.0025843381881713867,0.7592004537582397,0.0
83,-0.10329769116555851,0.38014759396878234,0.0025920867919921875,0.7590945363044739,0.0
84,-0.1033740169756728,0.3807217061398349,0.0025998353958129883,0.7589871883392334,0.0
85,-0.10452825251484961,0.38129929836685095,0.002607583999633789,0.7588787078857422,0.0
86,-0.10461075296039717,0.38188036403658704,0.00261533260345459,0.7587688565254211,0.0
87,-0.10447348783757274,0.3824648913091785,0.00262296199798584,0.7586575746536255,0.0
88,-0.10562843750526212,0.3830528734525126,0.0026307106018066406,0.7585451602935791,0.0
89,-0.10558372620593422,0.3836442984096195,0.0026384592056274414,0.7584314942359924,0.0
90,-0.1068960204048417,0.38423915993198904,0.002646207809448242,0.7583165168762207,0.0
91,-0.10684227048533768,0.38483744180322665,0.002653956413269043,0.7582002282142639,0.0
92,-0.10816081824759918,0.38543913584380957,0.002661585807800293,0.7580825686454773,0.0
93,-0.10811437811286166,0.3860442328492922,0.0026693344116210938,0.7579637169837952,0.0
94,-0.10943926080691455,0.3866527229409374,0.0026770830154418945,0.757843554019928,0.0
95,-0.10940008973418788,0.38726459321703927,0.0026848316192626953,0.7577221989631653,0.0
96,-0.11073114604650694,0.38787983728061304,0.0026924610137939453,0.7575994729995728,0.0
97,-0.11069920042674548,0.3884984382642075,0.002700209617614746,0.7574755549430847,0.0
98,-0.11205600899568986,0.3891203902932221,0.002707958221435547,0.7573502063751221,0.0
99,-0.11202693637096342,0.3897456790156833,0.002715587615966797,0.7572237253189087,0.0
100,-0.11340015496509584,0.39037429591637485,0.0027233362197875977,0.7570959329605103,0.0
101,-0.11337363574096651,0.39100622815206715,0.0027309656143188477,0.7569668292999268,0.0
102,-0.11482033098136486,0.3916414670554328,0.0027387142181396484,0.756836473941803,0.0
103,-0.11474085567838906,0.3922800007070297,0.0027464628219604492,0.7567049860954285,0.0
104,-0.1161935954667093,0.3929218142904098,0.0027540922164916992,0.7565720081329346,0.0
105,-0.3145376375955041,0.3935669017314015,0.0027618408203125,0.7564378976821899,0.0
106,-0.31789049624337173,0.3942152546783019,0.00276947021484375,0.7563024163246155,0.0
107,-0.3157139387587472,0.3948668501981979,0.0027772188186645508,0.7561658024787903,0.0
108,-0.31939158752962504,0.3955216822278624,0.0027849674224853516,0.7560279369354248,0.0
109,-0.3171026318282018,0.39617973989686994,0.0027925968170166016,0.7558887004852295,0.0
110,-0.3207861230994551,0.3968410110536153,0.0028003454208374023,0.7557482719421387,0.0
111,-0.31850414732682963,0.39750548366458077,0.0028079748153686523,0.7556065917015076,0.0
112,-0.3221934338523818,0.39817314688859484,0.002815723419189453,0.7554636597633362,0.0
113,-0.31991839296799995,0.39884398860752085,0.002823352813720703,0.7553194761276245,0.0
114,-0.32361336340383867,0.39951799532775195,0.002830982208251953,0.755173921585083,0.0
115,-0.3213452697069419,0.4001951579411956,0.002838730812072754,0.7550272345542908,0.0
116,-0.32504593749472327,0.4008754612012118,0.002846360206604004,0.7548792362213135,0.0
117,-0.3227846825574728,0.401558895441782,0.0028541088104248047,0.7547301054000854,0.0
118,-0.32649100413887966,0.402245453429496,0.0028617382049560547,0.7545796036720276,0.0
119,-0.3242365412556657,0.4029351106860096,0.0028694868087768555,0.754427969455719,0.0
120,-0.32794845489370134,0.4036278613850278,0.0028771162033081055,0.7542749643325806,0.0
121,-0.32570067592525886,0.4043236946577279,0.0028847455978393555,0.7541207671165466,0.0
122,-0.32941819867190086,0.405022596493272,0.0028924942016601562,0.7539653778076172,0.0
123,-0.3271771136156647,0.4057245528240062,0.0029001235961914062,0.7538087368011475,0.0
124,-0.3309000740288088,0.4064295541919041,0.0029077529907226562,0.7536507844924927,0.0
125,-0.3289144565005607,0.4071375895589789,0.002915501594543457,0.7534916996955872,0.0
126,-0.3326910005101841,0.4078486416334076,0.002923130989074707,0.7533313035964966,0.0
127,-0.3304013443421746,0.40856270086136937,0.002930760383605957,0.753169596195221,0.0
128,-0.3341892480329193,0.4092797534823262,0.002938389778137207,0.7530066967010498,0.0
129,-0.33190694970025003,0.4099997882981269,0.002946138381958008,0.7528427839279175,0.0
130,-0.33570039276970765,0.4107227926390477,0.002953767776489258,0.7526774406433105,0.0
131,-0.3334243504094613,0.41144875904761846,0.002961397171020508,0.7525108456611633,0.0
132,-0.3372232791986252,0.41217766126323196,0.002969026565551758,0.7523431181907654,0.0
133,-0.3349535488109235,0.4129094965639945,0.0029767751693725586,0.7521741986274719,0.0
134,-0.3387579147004405,0.4136442489662701,0.0029844045639038086,0.7520039677619934,0.0
135,-0.3364943333096937,0.41438190548318854,0.0029920339584350586,0.7518325448036194,0.0
136,-0.3403040821240943,0.4151224553653087,0.0029996633529663086,0.7516598701477051,0.0
137,-0.3380466585463669,0.41586588456825985,0.0030072927474975586,0.7514860033988953,0.0
138,-0.34217716023827965,0.416612180668526,0.0030149221420288086,0.7513108849525452,0.0
139,-0.3397043674040992,0.41736133223848587,0.0030226707458496094,0.7511347532272339,0.0
140,-0.34384814091005483,0.4181133248179011,0.0030303001403808594,0.750957190990448,0.0
141,-0.4413826641493577,0.4188681435994729,0.0030379295349121094,0.7507784962654114,0.0
142,-0.44590646883894997,0.41962577945756685,0.0030455589294433594,0.7505986094474792,0.0
143,-0.44295644881820556,0.42038622555663246,0.0030531883239746094,0.7504174113273621,0.0
144,-0.44748540824509,0.4211494530801854,0.0030608177185058594,0.7502351403236389,0.0
145,-0.4445413630448205,0.42191545681195963,0.0030684471130371094,0.7500515580177307,0.0
146,-0.44907542832163505,0.4226842259494564,0.0030760765075683594,0.7498667240142822,0.0
147,-0.446137316718095,0.42345574455351154,0.0030837059020996094,0.7496808171272278,0.0
148,-0.450676431840045,0.42423000181472836,0.0030913352966308594,0.7494935989379883,0.0
149,-0.44773811173533107,0.42500698348400545,0.0030989646911621094,0.7493053078651428,0.0
150,-0.45228748785801365,0.42578667702935713,0.0031065940856933594,0.7491157054901123,0.0
151,-0.44935581125886337,0.4265690699229143,0.0031142234802246094,0.7489250302314758,0.0
152,-0.45391012764173155,0.42735414964206225,0.0031218528747558594,0.7487330436706543,0.0
153,-0.45164458853435396,0.4281419019109574,0.0031294822692871094,0.7485399842262268,0.0
154,-0.45624007114576565,0.4289323159676486,0.0031371116638183594,0.7483456134796143,0.0
155,-0.4533903472144827,0.4297253757672676,0.0031447410583496094,0.748150110244751,0.0
156,-0.4577582107379953,0.43052107723411825,0.0031522512435913086,0.7479532361030579,0.0
157,-0.45493856377207303,0.43131939276236847,0.0031598806381225586,0.7477553486824036,0.0
158,-0.45939496286299863,0.43212031828551584,0.0031675100326538086,0.7475563287734985,0.0
159,-0.45669645253009084,0.4329238377344926,0.0031751394271850586,0.7473560571670532,0.0
160,-0.4610755406054664,0.4337299404156652,0.0031827688217163086,0.7471546530723572,0.0
161,-0.45838276681916934,0.43453861386534437,0.0031903982162475586,0.7469520568847656,0.0
162,-0.4627663718289277,0.43534984381951103,0.0031980276107788086,0.7467482686042786,0.0
163,-0.46007921878168256,0.4361636168401294,0.003205537796020508,0.7465431690216064,0.0
164,-0.46446728748627547,0.43697992064511537,0.003213167190551758,0.7463369965553284,0.0
165,-0.46176875323955774,0.4377987436489277,0.003220796585083008,0.7461297512054443,0.0
166,-0.46568352496243265,0.43862007345879633,0.003228425979614258,0.74592125415802,0.0
167,-0.46301446238835375,0.4394438930227337,0.003235936164855957,0.7457115054130554,0.0
168,-0.4673938898184966,0.44027020174516257,0.003243565559387207,0.7455006837844849,0.0
169,-0.4647302446850022,0.44109897038574264,0.003251194953918457,0.7452887296676636,0.0
170,-0.4691141234448165,0.44193019269798384,0.003258824348449707,0.745075523853302,0.0
171,-0.4664474527612731,0.44276385538134144,0.0032663345336914062,0.7448611259460449,0.0
172,-0.47084297624178556,0.4435999481117525,0.0032739639282226562,0.7446456551551819,0.0
173,-0.46818288189443197,0.4444384557560676,0.0032815933227539062,0.7444289922714233,0.0
174,-0.47258252555017244,0.44527936696373505,0.0032891035079956055,0.7442111372947693,0.0
175,-0.46992784048913183,0.44612266959217395,0.0032967329025268555,0.7439920902252197,0.0
176,-0.47390713992294603,0.4469683504570157,0.0033043622970581055,0.7437720894813538,0.0
177,-0.47188006234879276,0.44781639449880595,0.0033118724822998047,0.7435506582260132,0.0
178,-0.4757471413130542,0.4486667934293063,0.0033195018768310547,0.743328332901001,0.0
179,-0.4736583690804549,0.44951953125762556,0.003327012062072754,0.7431046366691589,0.0
180,-0.47752933632174505,0.45037459784245115,0.003334641456604004,0.7428799271583557,0.0
181,-0.4756519398902267,0.45123198742795945,0.003342151641845703,0.742654025554657,0.0
182,-0.47962957506731196,0.4520916714822046,0.003349781036376953,0.7424269914627075,0.0
183,-0.4774542007525356,0.4529536452536463,0.003357410430908203,0.7421988844871521,0.0
184,-0.48143568164072825,0.45381789772531667,0.0033649206161499023,0.7419694066047668,0.0
185,-0.4799207317383164,0.4546844150109294,0.0033725500106811523,0.74173903465271,0.0
186,-0.4832083027018679,0.4555531832235,0.0033800601959228516,0.741507351398468,0.0
187,-0.48172423369232603,0.45642419437735554,0.0033876895904541016,0.7412746548652649,0.0
188,-0.4850160527474337,0.45729743270696516,0.0033951997756958008,0.7410407662391663,0.0
189,-0.4835366256065214,0.45817288833381153,0.0034028291702270508,0.7408057451248169,0.0
190,-0.48683264104523544,0.45905054553999064,0.00341033935546875,0.7405695915222168,0.0
191,-0.4853577470678899,0.45993039551495507,0.0034178495407104492,0.7403321862220764,0.0
192,-0.48865797034071506,0.46081242353487684,0.0034254789352416992,0.7400939464569092,0.0
193,-0.48718762955826556,0.46169662847090825,0.0034329891204833984,0.7398543357849121,0.0
194,-0.4904919525438157,0.4625829795794556,0.0034406185150146484,0.7396136522293091,0.0
195,-0.4883255341329947,0.4634714717990879,0.0034481287002563477,0.7393718957901001,0.0
196,-0.4923967125691252,0.4643620985334838,0.003455638885498047,0.7391289472579956,0.0
197,-0.4901914863141584,0.46525484116465765,0.003463268280029297,0.7388849258422852,0.0
198,-0.49429362943212674,0.466149690254883,0.003470778465270996,0.738639771938324,0.0
199,-0.4920935433909975,0.467046635304628,0.0034782886505126953,0.7383934855461121,0.0
200,-0.49619947959200716,0.4679456617881551,0.0034859180450439453,0.7381461262702942,0.0
201,-0.4940039472393106,0.4688467604265167,0.0034934282302856445,0.7378976345062256,0.0
202,-0.49811350818864597,0.46974991675752975,0.0035009384155273438,0.7376480102539062,0.0
203,-0.4959423427186985,0.4706551235446378,0.003508448600769043,0.7373971939086914,0.0
204,-0.5002495071368537,0.4715623663878284,0.003516077995300293,0.7371454834938049,0.0
205,-0.4978625579312121,0.4724716279896439,0.003523588180541992,0.7368924617767334,0.0
206,-0.5021733978062314,0.47338290633718705,0.0035310983657836914,0.7366384267807007,0.0
207,-0.4997907209437299,0.47429618202639273,0.0035386085510253906,0.7363832592964172,0.0
208,-0.5041053058357309,0.47521144902308404,0.0035462379455566406,0.7361271381378174,0.0
209,-0.5017268583814242,0.47612869432623334,0.00355374813079834,0.735869824886322,0.0
210,-0.5060450237935525,0.47704790370661937,0.003561258316040039,0.7356113195419312,0.0
211,-0.5036707548593039,0.4779690661523272,0.0035687685012817383,0.7353517413139343,0.0
212,-0.5079480917459168,0.47889219272625816,0.0035762786865234375,0.7350910902023315,0.0
213,-0.5063454652903917,0.4798172284965719,0.0035837888717651367,0.734829306602478,0.0
214,-0.5098883640292083,0.4807441897368303,0.0035914182662963867,0.7345665693283081,0.0
215,-0.5082896418640384,0.48167305528987436,0.003598928451538086,0.7343026995658875,0.0
216,-0.5118361757229245,0.482603823756795,0.003606438636779785,0.7340377569198608,0.0
217,-0.5102413128530289,0.48353647172261577,0.0036139488220214844,0.7337716221809387,0.0
218,-0.5137752790983583,0.48447100117346464,0.0036214590072631836,0.7335044145584106,0.0
219,-0.5122152531939199,0.48540738872992995,0.003628969192504883,0.7332361936569214,0.0
220,-0.5157374007875589,0.4863456322648673,0.003636479377746582,0.7329668998718262,0.0
221,-0.5141811430755608,0.4872857169538605,0.0036439895629882812,0.7326964735984802,0.0
222,-0.5177068530163657,0.48822763226454713,0.0036514997482299805,0.7324250340461731,0.0
223,-0.5161543199183346,0.4891713677118081,0.0036590099334716797,0.7321524620056152,0.0
224,-0.5195960671783729,0.49011691285786646,0.003666520118713379,0.7318788170814514,0.0
225,-0.5182589648671136,0.4910642573123777,0.003674030303955078,0.7316042184829712,0.0
226,-0.5215760148721876,0.49201338641308956,0.0036815404891967773,0.7313284277915955,0.0
227,-0.5202425078036929,0.49296429416600107,0.0036890506744384766,0.7310515642166138,0.0
228,-0.5235630284870976,0.4939169616485568,0.0036965608596801758,0.7307736873626709,0.0
229,-0.5222330775174349,0.4948713916467248,0.003704071044921875,0.7304947376251221,0.0
230,-0.5255570333598588,0.49582756096917724,0.0037115812301635742,0.7302147746086121,0.0
231,-0.5233406758290529,0.49678546382291994,0.0037190914154052734,0.7299337387084961,0.0
232,-0.5280120478956076,0.49774509012553503,0.0037266016006469727,0.7296515107154846,0.0
233,-0.5253465912840484,0.4987064288889969,0.003733992576599121,0.7293682098388672,0.0
234,-0.5300210742099595,0.49966947203518125,0.0037415027618408203,0.7290840148925781,0.0
235,-0.5273593420643282,0.5006342042725281,0.0037490129470825195,0.7287987470626831,0.0
236,-0.5319781115981599,0.5016006156853977,0.0037565231323242188,0.7285124063491821,0.0
237,-0.5293492646300295,0.50256871957735,0.003764033317565918,0.7282249927520752,0.0
238,-0.5340022065955772,0.5035384642563067,0.003771543502807617,0.7279365658760071,0.0
239,-0.5313768844049889,0.5045098577202849,0.0037789344787597656,0.7276470065116882,0.0
240,-0.5360327839655697,0.5054828921504709,0.003786444664001465,0.7273565530776978,0.0
241,-0.5334110868003744,0.5064575569217095,0.003793954849243164,0.7270650267601013,0.0
242,-0.538069906383063,0.5074338424089742,0.0038014650344848633,0.7267724275588989,0.0
243,-0.5354516704425099,0.5084117336184338,0.0038088560104370117,0.726478636264801,0.0
244,-0.5401133650665805,0.5093912273724789,0.003816366195678711,0.7261839509010315,0.0
245,-0.5374986747441043,0.5103723087571169,0.00382387638092041,0.7258883714675903,0.0
246,-0.542163201433669,0.5113549683161008,0.0038313865661621094,0.7255915999412537,0.0
247,-0.5395518981136225,0.5123392001938005,0.003838777542114258,0.7252936959266663,0.0
248,-0.544219218271658,0.5133249879349505,0.003846287727355957,0.724994957447052,0.0
249,-0.5416113816602135,0.5143123302885485,0.0038537979125976562,0.7246952652931213,0.0
250,-0.5459664775565158,0.5153012080198948,0.0038611888885498047,0.7243943810462952,0.0
251,-0.5438229016919951,0.5162916183170029,0.003868699073791504,0.7240924835205078,0.0
252,-0.5480457893658846,0.5172835510659448,0.003876209259033203,0.7237896919250488,0.0
253,-0.5459150817737252,0.5182769916541444,0.0038836002349853516,0.7234856486320496,0.0
254,-0.5501398880846144,0.5192719374354245,0.0038911104202270508,0.7231807708740234,0.0
255,-0.5480039303570946,0.5202683683682834,0.0038985013961791992,0.7228747010231018,0.0
256,-0.5522312356403033,0.5212662864647626,0.0039060115814208984,0.7225677967071533,0.0
257,-0.550213877910869,0.5222656763289023,0.003913402557373047,0.7222598195075989,0.0
258,-0.5538454984422139,0.5232665309469745,0.003920912742614746,0.721950888633728,0.0
259,-0.5521158330220899,0.5242688405194897,0.003928422927856445,0.7216410040855408,0.0
260,-0.5565215515380924,0.5252725906939968,0.003935813903808594,0.721329927444458,0.0
261,-0.5544069954258504,0.5262777791841272,0.003943324089050293,0.7210180163383484,0.0
262,-0.5580435476933931,0.5272844149475137,0.003950715065002441,0.720704972743988,0.0
263,-0.5563203320443302,0.5282924428732679,0.003958225250244141,0.720391035079956,0.0
264,-0.5601419008394145,0.5293018812039804,0.003965616226196289,0.7200760245323181,0.0
265,-0.5584220501372392,0.530312722310925,0.0039730072021484375,0.7197600603103638,0.0
266,-0.5621728411809636,0.5313249493177318,0.003980517387390137,0.7194430828094482,0.0
267,-0.5607135097374423,0.5323385564750508,0.003987908363342285,0.7191250920295715,0.0
268,-0.5642856037266285,0.5333535372116132,0.003995418548583984,0.718806266784668,0.0
269,-0.562829539394204,0.5343698765730893,0.004002809524536133,0.7184863090515137,0.0
270,-0.5664037810283867,0.5353875727336368,0.004010319709777832,0.7181654572486877,0.0
271,-0.5649509545901197,0.5364066155014258,0.0040177106857299805,0.7178434729576111,0.0
272,-0.5685272478949301,0.5374269928600952,0.004025101661682129,0.7175205945968628,0.0
273,-0.5670776791037635,0.5384486975061147,0.004032611846923828,0.7171968221664429,0.0
274,-0.5706560493183117,0.5394717193672461,0.0040400028228759766,0.7168719172477722,0.0
275,-0.5692095813703959,0.5404960512324211,0.004047393798828125,0.7165461182594299,0.0
276,-0.5727900549014977,0.5415216859348676,0.004054903984069824,0.716219425201416,0.0
277,-0.5713467194203508,0.5425486135419736,0.004062294960021973,0.7158916592597961,0.0
278,-0.5749291432773906,0.5435768269784467,0.004069685935974121,0.7155629396438599,0.0
279,-0.5737060370036016,0.5446063144754116,0.00407719612121582,0.7152332663536072,0.0
280,-0.5769846160153487,0.5456370709623537,0.004084587097167969,0.7149026393890381,0.0
281,-0.5758176699692452,0.5466690847476169,0.004091978073120117,0.7145709991455078,0.0
282,-0.5791332741721273,0.5477023479789207,0.004099369049072266,0.7142384648323059,0.0
283,-0.5779669453430896,0.5487368528488358,0.004106760025024414,0.713904857635498,0.0
284,-0.5809634019408313,0.5497725925286849,0.004114270210266113,0.7135705351829529,0.0
285,-0.5801093755350395,0.5508095622086786,0.004121661186218262,0.7132351398468018,0.0
286,-0.5831256506018018,0.5518477456017773,0.00412905216217041,0.7128986716270447,0.0
287,-0.5822744050061583,0.5528871553209893,0.004136443138122559,0.7125613689422607,0.0
288,-0.5852927204301968,0.5539277528558604,0.004143834114074707,0.7122229933738708,0.0
289,-0.5844442497060308,0.5549695374435041,0.004151344299316406,0.7118839621543884,0.0
290,-0.5874645645519313,0.5560125093005017,0.004158735275268555,0.7115437984466553,0.0
291,-0.5866187438970509,0.5570566619045703,0.004166126251220703,0.7112026810646057,0.0
292,-0.5896410308864208,0.5581019782012365,0.0041735172271728516,0.7108606100082397,0.0
293,-0.5884892023549445,0.5591484556122713,0.004180908203125,0.7105177044868469,0.0
294,-0.591456624531286,0.5601960916273062,0.0041882991790771484,0.7101737260818481,0.0
295,-0.5906668990100805,0.561244869283815,0.004195690155029297,0.7098289728164673,0.0
296,-0.5936362958213417,0.5622947861508132,0.004203081130981445,0.7094832062721252,0.0
297,-0.5928491126989645,0.5633458301603202,0.004210472106933594,0.7091364860534668,0.0
298,-0.5958204563851991,0.5643979989784652,0.004217863082885742,0.7087888121604919,0.0
299,-0.5950357864862845,0.565451280609802,0.004225254058837891,0.7084402441978455,0.0
300,-0.5980090457358119,0.5665056728166337,0.004232645034790039,0.7080908417701721,0.0
301,-0.5972268556542817,0.5675611587997823,0.0042400360107421875,0.7077404856681824,0.0
302,-0.6002019999620625,0.5686177412807393,0.004247426986694336,0.7073891758918762,0.0
303,-0.5994222674190505,0.56967540840733,0.004254817962646484,0.7070369720458984,0.0
304,-0.6023992626176804,0.5707341483454256,0.004262208938598633,0.7066838145256042,0.0
305,-0.6016219484911043,0.5717939590766246,0.004269599914550781,0.7063298225402832,0.0
306,-0.604597434221601,0.5728548337419721,0.00427699089050293,0.7059749364852905,0.0
307,-0.6038407100212504,0.5739167606131382,0.004284381866455078,0.7056190967559814,0.0
308,-0.606802822499119,0.5749797378112613,0.0042917728424072266,0.705262303352356,0.0
309,-0.6060484584952311,0.5760437536777564,0.004299163818359375,0.7049046158790588,0.0
310,-0.6090105729226816,0.577108801498809,0.0043065547943115234,0.7045460939407349,0.0
311,-0.6087532413638073,0.5781748736763219,0.004313826560974121,0.7041865587234497,0.0
312,-0.6112814769832072,0.5792419863114662,0.0043212175369262695,0.7038263082504272,0.0
313,-0.610958569015995,0.5803100901372747,0.004328608512878418,0.7034650444984436,0.0
314,-0.6134888982196067,0.5813791945128692,0.004335999488830566,0.7031030058860779,0.0
315,-0.6131678598551403,0.5824492978609228,0.004343390464782715,0.7027400135993958,0.0
316,-0.6157002839994158,0.5835203937054241,0.004350781440734863,0.702376127243042,0.0
317,-0.6153810264532,0.5845924697223597,0.004358053207397461,0.7020111680030823,0.0
318,-0.6179155168618335,0.5856655263123712,0.004365444183349609,0.70164555311203,0.0
319,-0.6175981314260336,0.5867395462428742,0.004372835159301758,0.7012790441513062,0.0
320,-0.6201346527547321,0.5878145331217275,0.004380226135253906,0.7009117007255554,0.0
321,-0.6198189991777995,0.5888904747593856,0.004387497901916504,0.7005432844161987,0.0
322,-0.6223575290075274,0.5899673667373605,0.004394888877868652,0.7001741528511047,0.0
323,-0.6220436928436408,0.5910451969160073,0.004402279853820801,0.6998041272163391,0.0
324,-0.6245841403082533,0.592123963175801,0.0044095516204833984,0.6994332075119019,0.0
325,-0.624272043711376,0.5932036612093228,0.004416942596435547,0.6990614533424377,0.0
326,-0.626814503548675,0.5942842789754732,0.004424333572387695,0.6986888647079468,0.0
327,-0.626504049585164,0.5953658094673661,0.004431605339050293,0.6983153223991394,0.0
328,-0.6278852702712829,0.5964482534925555,0.004438996315002441,0.69794100522995,0.0
329,-0.628907986228291,0.5975315940817331,0.00444638729095459,0.6975658535957336,0.0
330,-0.6301110509280008,0.5986158343853205,0.0044536590576171875,0.6971896886825562,0.0
331,-0.6311356714885242,0.5997009652778125,0.004461050033569336,0.6968128681182861,0.0
332,-0.6323403709985207,0.6007869790190519,0.004468321800231934,0.6964350342750549,0.0
333,-0.6333668630118316,0.6018738665304388,0.004475712776184082,0.6960564851760864,0.0
334,-0.6345732295139492,0.6029616260966173,0.0044831037521362305,0.6956770420074463,0.0
335,-0.6356015099352802,0.6040502459504054,0.004490375518798828,0.6952967047691345,0.0
336,-0.6368094612720361,0.6051397272072554,0.0044977664947509766,0.6949157118797302,0.0
337,-0.6378395881966599,0.6062300786838778,0.004505038261413574,0.6945335865020752,0.0
338,-0.6390490950818924,0.6073212536509085,0.004512429237365723,0.6941509246826172,0.0
339,-0.6400809955492639,0.608413266024994,0.00451970100402832,0.6937671899795532,0.0
340,-0.6412920367735444,0.6095061120008415,0.004527091979980469,0.6933827996253967,0.0
341,-0.6423257162777588,0.6105997892298035,0.004534363746643066,0.6929974555969238,0.0
342,-0.6435382639149763,0.611694278730735,0.004541754722595215,0.6926113963127136,0.0
343,-0.644573690469396,0.6127895883873764,0.0045490264892578125,0.692224383354187,0.0
344,-0.645787727645895,0.613885704353472,0.004556417465209961,0.6918367147445679,0.0
345,-0.6462346336750852,0.6149826244241192,0.004563689231872559,0.6914480924606323,0.0
346,-0.648083427065181,0.6160803338762758,0.004570960998535156,0.6910586953163147,0.0
347,-0.6485558493238932,0.617178843521615,0.004578351974487305,0.6906684637069702,0.0
348,-0.6503552904468581,0.6182781308499745,0.004585623741149902,0.6902774572372437,0.0
349,-0.6508293686336917,0.6193781974453092,0.004593014717102051,0.6898857355117798,0.0
350,-0.6528603024461762,0.6204790361743351,0.0046002864837646484,0.6894930601119995,0.0
351,-0.6529545839195519,0.6215806426716765,0.004607558250427246,0.6890995502471924,0.0
352,-0.6551322133228435,0.6226830126032776,0.0046149492263793945,0.6887053847312927,0.0
353,-0.6552281792110195,0.6237861338033441,0.004622220993041992,0.6883103847503662,0.0
354,-0.6574070576408878,0.6248900071271811,0.00462949275970459,0.6879144906997681,0.0
355,-0.6575046934586196,0.6259946274271413,0.0046367645263671875,0.6875178813934326,0.0
356,-0.6595301518437112,0.6270999802074869,0.004644155502319336,0.6871204376220703,0.0
357,-0.6598610257900882,0.6282060688387,0.004651427268981934,0.6867222785949707,0.0
358,-0.6618058876814278,0.6293128840253732,0.004658699035644531,0.6863232851028442,0.0
359,-0.6621384891046018,0.6304204216428315,0.00466609001159668,0.6859235763549805,0.0
360,-0.6640845490858112,0.6315286748728168,0.004673361778259277,0.6855230331420898,0.0
361,-0.664418732045317,0.632637634489231,0.004680633544921875,0.6851217150688171,0.0
362,-0.6663659909962784,0.633747327806564,0.004687905311584473,0.6847195029258728,0.0
363,-0.6667018024873739,0.6348576957433448,0.00469517707824707,0.6843166947364807,0.0
364,-0.6686502479071189,0.635968756227505,0.004702568054199219,0.6839131116867065,0.0
365,-0.6689876608630445,0.6370805077658448,0.004709839820861816,0.6835086941719055,0.0
366,-0.6709371784337053,0.6381929412646785,0.004717111587524414,0.6831034421920776,0.0
367,-0.6712761710026088,0.6393060519253767,0.004724383354187012,0.6826975345611572,0.0
368,-0.6732267970591339,0.6404198349792851,0.004731655120849609,0.6822908520698547,0.0
369,-0.673567353918459,0.6415342908815165,0.004738926887512207,0.6818833351135254,0.0
370,-0.6755190713911012,0.6426494045384621,0.004746198654174805,0.6814751029014587,0.0
371,-0.6758611633425469,0.6437651764606424,0.004753470420837402,0.68106609582901,0.0
372,-0.677814006252795,0.6448815976967875,0.004760861396789551,0.6806565523147583,0.0
373,-0.6781576214636057,0.6459986722229127,0.0047681331634521484,0.6802459955215454,0.0
374,-0.6801114503133927,0.6471163807261969,0.004775404930114746,0.67983478307724,0.0
375,-0.6804565573951223,0.6482347290522413,0.004782676696777344,0.6794228553771973,0.0
376,-0.6824114240076332,0.6493537126658074,0.004789948463439941,0.6790101528167725,0.0
377,-0.6827580047380176,0.6504733166160729,0.004797220230102539,0.6785967350006104,0.0
378,-0.6847138774401302,0.6515935468547597,0.004804491996765137,0.6781826019287109,0.0
379,-0.6850619145856409,0.6527143884739427,0.004811763763427734,0.6777676343917847,0.0
380,-0.6874082112822283,0.6538358474949849,0.004819035530090332,0.6773520708084106,0.0
381,-0.6877046780454694,0.6549579090523767,0.00482630729675293,0.6769356727600098,0.0
382,-0.6897219535203142,0.6560805739976452,0.004833579063415527,0.6765186786651611,0.0
383,-0.6900199133992084,0.6572038327393039,0.004840850830078125,0.6761008501052856,0.0
384,-0.6920379967346282,0.6583276852901083,0.004848003387451172,0.6756822466850281,0.0
385,-0.6917065794643228,0.6594521239074189,0.0048552751541137695,0.675262987613678,0.0
386,-0.6949864671892536,0.6605771486643315,0.004862546920776367,0.6748430728912354,0.0
387,-0.6940086444916379,0.6617027671793185,0.004869818687438965,0.6744224429130554,0.0
388,-0.6970723836704407,0.6628289410131243,0.0048770904541015625,0.6740010976791382,0.0
389,-0.6963315292683431,0.6639556830690593,0.00488436222076416,0.6735790967941284,0.0
390,-0.6990175090093681,0.6650829839123753,0.004891633987426758,0.6731563210487366,0.0
391,-0.6991282275769695,0.6662108499226665,0.0048989057540893555,0.6727328896522522,0.0
392,-0.701340016623341,0.6673392655531429,0.004906058311462402,0.672308623790741,0.0
393,-0.7014521927460781,0.6684682337706225,0.004913330078125,0.671883761882782,0.0
394,-0.703528295105931,0.6695977443345293,0.004920601844787598,0.6714582443237305,0.0
395,-0.704030411083876,0.6707277931948182,0.004927873611450195,0.6710320115089417,0.0
396,-0.7058487775900215,0.6718583816084941,0.004935145378112793,0.6706051826477051,0.0
397,-0.7063522145215153,0.672989499404624,0.00494229793548584,0.6701775193214417,0.0
398,-0.7081713094617891,0.6741211444021185,0.0049495697021484375,0.6697492003440857,0.0
399,-0.7086761655479888,0.6752533117557716,0.004956841468811035,0.669320285320282,0.0
400,-0.7104959347407347,0.6763860192257342,0.004963994026184082,0.6688905358314514,0.0
401,-0.7110021113909233,0.6775191969663928,0.00497126579284668,0.6684603095054626,0.0
402,-0.7128226305316285,0.6786529252576666,0.004978537559509277,0.6680293083190918,0.0
403,-0.7133301304253736,0.6797871151317567,0.004985809326171875,0.667597770690918,0.0
404,-0.7151512699376977,0.6809218523424275,0.004992961883544922,0.6671652793884277,0.0
405,-0.7156524649005458,0.6820570337286934,0.0050002336502075195,0.6667324304580688,0.0
406,-0.7174807968381828,0.6831927558185015,0.005007505416870117,0.6662988662719727,0.0
407,-0.717984357936349,0.6843289233062945,0.005014657974243164,0.6658645272254944,0.0
408,-0.7198133152095986,0.6854656143413601,0.005021929740905762,0.6654296517372131,0.0
409,-0.7203181622678184,0.6866027432680366,0.005029082298278809,0.664993941783905,0.0
410,-0.7221477302545607,0.6877403883934092,0.005036354064941406,0.6645577549934387,0.0
411,-0.7226539088228436,0.6888784648905985,0.005043625831604004,0.6641210317611694,0.0
412,-0.7244840145926423,0.6900170485471313,0.005050778388977051,0.6636834144592285,0.0
413,-0.7249914368974497,0.691156046494849,0.0050580501556396484,0.6632453203201294,0.0
414,-0.726822124600037,0.6922955550884556,0.005065202713012695,0.662806510925293,0.0
415,-0.7272672002832383,0.6934354707361468,0.005072474479675293,0.6623671054840088,0.0
416,-0.729188706500626,0.6945758793000816,0.00507962703704834,0.6619270443916321,0.0
417,-0.7287177674349404,0.6957166877626915,0.0050868988037109375,0.6614865064620972,0.0
418,-0.7315112664622757,0.6968579821507046,0.005094051361083984,0.6610450744628906,0.0
419,-0.7310075811751154,0.6979996693724821,0.005101323127746582,0.6606032252311707,0.0
420,-0.7339397903833699,0.6991418463046968,0.005108475685119629,0.6601607203483582,0.0
421,-0.7333310074563575,0.7002843984127627,0.0051157474517822266,0.6597176194190979,0.0
422,-0.736263784701513,0.7014274227302658,0.0051229000091552734,0.6592738628387451,0.0
423,-0.7356561215015595,0.702570826018526,0.005130171775817871,0.6588295698165894,0.0
424,-0.7385894517511089,0.7037146840839752,0.005137324333190918,0.6583845019340515,0.0
425,-0.7379828772267476,0.7048589700392742,0.005144476890563965,0.6579388976097107,0.0
426,-0.7409167751548683,0.7060036140834871,0.0051517486572265625,0.6574928164482117,0.0
427,-0.7403112825331136,0.7071487136702872,0.005158901214599609,0.6570460796356201,0.0
428,-0.743245707073986,0.7082941646571657,0.005166172981262207,0.6565988063812256,0.0
429,-0.742540129262087,0.7094400646630299,0.005173325538635254,0.6561508178710938,0.0
430,-0.7456208449328185,0.7105863085786039,0.005180478096008301,0.6557022929191589,0.0
431,-0.7448699569170846,0.7117329968457331,0.0051877498626708984,0.6552532315254211,0.0
432,-0.74795112480965,0.7128800323552682,0.005194902420043945,0.6548035144805908,0.0
433,-0.7472012677487199,0.714027483494179,0.005202054977416992,0.6543532013893127,0.0
434,-0.7502828557791623,0.7151752763251102,0.005209207534790039,0.6539023518562317,0.0
435,-0.7495341586251857,0.7163235008702873,0.005216479301452637,0.6534510850906372,0.0
436,-0.7526161517680329,0.717472038373834,0.005223631858825684,0.6529990434646606,0.0
437,-0.7518684615368947,0.7186210005015419,0.0052307844161987305,0.6525464653968811,0.0
438,-0.7549509179449994,0.7197702818294525,0.005238056182861328,0.6520934700965881,0.0
439,-0.7542042723195512,0.7209199592471881,0.005245208740234375,0.6516397595405579,0.0
440,-0.7572870506260065,0.7220699595410102,0.005252361297607422,0.6511855721473694,0.0
441,-0.7565414549699156,0.7232203615203574,0.005259513854980469,0.6507307887077332,0.0
442,-0.7596246024652499,0.7243710694904292,0.005266666412353516,0.6502754092216492,0.0
443,-0.7588800977991685,0.7255221740517063,0.005273938179016113,0.6498196721076965,0.0
444,-0.7619636012966214,0.7266735776754206,0.00528109073638916,0.6493632793426514,0.0
445,-0.7612200427498929,0.7278253603195944,0.005288243293762207,0.6489063501358032,0.0
446,-0.7643038926592743,0.7289774477250212,0.005295395851135254,0.6484488248825073,0.0
447,-0.7635567633708664,0.730129908319282,0.005302548408508301,0.6479908227920532,0.0
448,-0.7666448939981383,0.7312826461937693,0.005309700965881348,0.6475322842597961,0.0
449,-0.7658993675955229,0.7324357730892757,0.0053168535232543945,0.6470732092857361,0.0
450,-0.7689878469616028,0.7335892072219516,0.005324006080627441,0.646613597869873,0.0
451,-0.7682432548321325,0.7347429315294087,0.005331158638000488,0.646153450012207,0.0
452,-0.7713320964918567,0.7358970156394535,0.005338430404663086,0.6456930041313171,0.0
453,-0.770588463178813,0.7370513617158785,0.005345582962036133,0.6452318429946899,0.0
454,-0.7736775238756088,0.7382060719459111,0.00535273551940918,0.6447702050209045,0.0
455,-0.7729348479420397,0.7393610393769878,0.0053598880767822266,0.6443080306053162,0.0
456,-0.7760241763654774,0.7405163654602218,0.0053670406341552734,0.6438453793525696,0.0
457,-0.7752824381414471,0.7416719323444783,0.00537419319152832,0.6433822512626648,0.0
458,-0.7783720132949415,0.742827852444319,0.005381345748901367,0.642918586730957,0.0
459,-0.7776312110805492,0.7439840186632836,0.005388498306274414,0.6424544453620911,0.0
460,-0.7807210318935951,0.7451405327373187,0.005395650863647461,0.6419898271560669,0.0
461,-0.7799811418233238,0.7462972766606488,0.005402803421020508,0.6415247321128845,0.0
462,-0.7830711770075925,0.7474543523011438,0.005409955978393555,0.641059160232544,0.0
463,-0.7823321440298112,0.7486116732216994,0.005416989326477051,0.6405928730964661,0.0
464,-0.7854223917715836,0.7497693106620255,0.005424141883850098,0.6401263475418091,0.0
465,-0.7846843005370261,0.7509271781172516,0.0054312944412231445,0.6396594047546387,0.0
466,-0.7877747628923689,0.7520853777407328,0.005438446998596191,0.6391918659210205,0.0
467,-0.7870375564384365,0.7532437912993107,0.005445599555969238,0.6387239098548889,0.0
468,-0.7901281898677543,0.7544025102182778,0.005452752113342285,0.6382555365562439,0.0
469,-0.7893918548992742,0.755561459611833,0.005459904670715332,0.6377866268157959,0.0
470,-0.7924826720714082,0.7567207093273356,0.005467057228088379,0.6373172998428345,0.0
471,-0.7917471296729826,0.7578801726857971,0.005474090576171875,0.6368474364280701,0.0
472,-0.7948381078358209,0.7590399322636214,0.005481243133544922,0.636377215385437,0.0
473,-0.7941034652292674,0.7601999013229889,0.005488395690917969,0.6359065771102905,0.0
474,-0.7971946067943998,0.7613601716846086,0.005495548248291016,0.6354354619979858,0.0
475,-0.7964542517602798,0.762520682890737,0.0055027008056640625,0.6349639296531677,0.0
476,-0.7995508666026897,0.7636813843976004,0.005509734153747559,0.6344918608665466,0.0
477,-0.7988149728527316,0.764842380835351,0.0055168867111206055,0.6340194344520569,0.0
478,-0.8019092895314506,0.7660035635674111,0.005524039268493652,0.6335465908050537,0.0
479,-0.8011742012243073,0.7671650247236126,0.005531191825866699,0.6330733299255371,0.0
480,-0.8042685771452225,0.7683266773645583,0.005538225173950195,0.6325994729995728,0.0
481,-0.8035342965383723,0.7694886046101136,0.005545377731323242,0.6321254372596741,0.0
482,-0.805873906905847,0.7706507085737507,0.005552530288696289,0.631650984287262,0.0
483,-0.8057268285380463,0.7718130807616592,0.005559563636779785,0.6311759352684021,0.0
484,-0.8082211554195744,0.77297563673526,0.005566716194152832,0.6307005882263184,0.0
485,-0.8080750454189637,0.7741384463397207,0.005573868751525879,0.630224883556366,0.0
486,-0.8105692550732879,0.775301422457424,0.005580902099609375,0.6297486424446106,0.0
487,-0.8104240427356204,0.776464659453494,0.005588054656982422,0.6292721629142761,0.0
488,-0.812918269792673,0.7776280701580539,0.005595207214355469,0.6287952661514282,0.0
489,-0.8127738858009035,0.778791724645249,0.005602240562438965,0.6283178925514221,0.0
490,-0.8152680396659898,0.7799555382946901,0.005609393119812012,0.6278402209281921,0.0
491,-0.8151245259322224,0.7811195913231842,0.005616426467895508,0.627362072467804,0.0
492,-0.8176186064565091,0.7822838099591,0.005623579025268555,0.6268836259841919,0.0
493,-0.8174759644784327,0.7834482636319418,0.005630612373352051,0.6264047622680664,0.0
494,-0.8199699400326708,0.7846128566942852,0.005637764930725098,0.625925600528717,0.0
495,-0.819828222064052,0.7857777031949351,0.0056449174880981445,0.6254461407661438,0.0
496,-0.8223220484341883,0.7869426830009335,0.005651950836181641,0.6249661445617676,0.0
497,-0.8221811618329321,0.7881078910614543,0.0056591033935546875,0.6244858503341675,0.0
498,-0.8246748688373271,0.7892732390490791,0.005666136741638184,0.624005138874054,0.0
499,-0.8244144505434807,0.7904388220325191,0.0056732892990112305,0.6235242486000061,0.0
500,-0.8270841604948803,0.7916045666456487,0.0056803226470947266,0.6230428218841553,0.0
501,-0.8267696640763218,0.792770456644915,0.005687355995178223,0.6225610375404358,0.0
502,-0.8294362861078207,0.7939365536400966,0.0056945085525512695,0.6220791935920715,0.0
503,-0.829122672728114,0.7951027800831765,0.005701541900634766,0.6215966939926147,0.0
504,-0.831789087019458,0.7962692204017705,0.0057086944580078125,0.6211141347885132,0.0
505,-0.8314763468141025,0.7974357751471105,0.005715727806091309,0.6206310391426086,0.0
506,-0.8341425354750414,0.7986025397794606,0.0057228803634643555,0.6201477646827698,0.0
507,-0.8338306723614817,0.7997694257200504,0.0057299137115478516,0.6196640133857727,0.0
508,-0.8364965658681134,0.8009365058197394,0.005736947059631348,0.6191800236701965,0.0
509,-0.8361213063734827,0.8021037049679794,0.0057440996170043945,0.6186957955360413,0.0
510,-0.8388853740454911,0.8032710935249602,0.005751132965087891,0.6182112097740173,0.0
511,-0.8384756669300055,0.8044385963261244,0.005758166313171387,0.6177262663841248,0.0
512,-0.841239502458104,0.8056062864335966,0.005765318870544434,0.6172411441802979,0.0
513,-0.8408306809232224,0.8067740860332331,0.00577235221862793,0.6167556643486023,0.0
514,-0.8435941546307355,0.8079420682930127,0.005779385566711426,0.6162698864936829,0.0
515,-0.8431861996128636,0.8091101461379356,0.005786418914794922,0.61578369140625,0.0
516,-0.8459494162167369,0.8102784037741196,0.005793571472167969,0.6152974963188171,0.0
517,-0.8455423306180927,0.8114467632805935,0.005800604820251465,0.6148107647895813,0.0
518,-0.8483051722736175,0.8126152980339295,0.005807638168334961,0.6143238544464111,0.0
519,-0.8478989269898612,0.813783909907712,0.005814671516418457,0.6138366460800171,0.0
520,-0.8506615091275951,0.814952716136823,0.005821824073791504,0.6133493185043335,0.0
521,-0.850256103954537,0.8161215839939657,0.005828857421875,0.6128616333007812,0.0
522,-0.8530182856613981,0.8172906417627536,0.005835890769958496,0.6123736500740051,0.0
523,-0.8526137185448132,0.8184597583801914,0.005842924118041992,0.6118853092193604,0.0
524,-0.8553755528338725,0.8196290613764786,0.005849957466125488,0.611396849155426,0.0
525,-0.8549719220063615,0.820798468783314,0.005857110023498535,0.6109082698822021,0.0
526,-0.85773334456317,0.8219679506903083,0.005864143371582031,0.6104193329811096,0.0
527,-0.8573304740398079,0.8231375918780749,0.005871176719665527,0.6099300980567932,0.0
528,-0.8600911401489599,0.8243073049082328,0.0058782100677490234,0.6094406247138977,0.0
529,-0.8596940430316022,0.8254771628571758,0.0058852434158325195,0.6089509725570679,0.0
530,-0.8624497691413054,0.8266470891750874,0.005892276763916016,0.6084610223770142,0.0
531,-0.8620534647193088,0.8278171679855111,0.005899310111999512,0.6079709529876709,0.0
532,-0.8648088222283539,0.8289873007926352,0.005906343460083008,0.6074806451797485,0.0
533,-0.8644132908948858,0.8301575827669193,0.005913376808166504,0.6069901585578918,0.0
534,-0.8671682828791083,0.8313279263032447,0.00592041015625,0.6064993143081665,0.0
535,-0.8667735799270231,0.8324984056394824,0.005927562713623047,0.6060084700584412,0.0
536,-0.8695281782943738,0.8336689313956839,0.005934596061706543,0.6055173873901367,0.0
537,-0.8691341765970904,0.8348395998040544,0.005941629409790039,0.6050259470939636,0.0
538,-0.8718883848855258,0.8360103122010261,0.005948662757873535,0.6045344471931458,0.0
539,-0.8714951361420182,0.837181164059418,0.005955696105957031,0.6040427684783936,0.0
540,-0.8742488780871982,0.8383520448542159,0.0059626102447509766,0.6035507321357727,0.0
541,-0.8738563790260445,0.8395230737694577,0.005969643592834473,0.6030586957931519,0.0
542,-0.876609778570405,0.8406941292766577,0.005976676940917969,0.6025664210319519,0.0
543,-0.8762179994508887,0.8418653070465343,0.005983710289001465,0.6020740270614624,0.0
544,-0.8789709915416637,0.8430365301452725,0.005990743637084961,0.6015814542770386,0.0
545,-0.8785799459945325,0.844207872445803,0.005997776985168457,0.6010887026786804,0.0
546,-0.8813325027007458,0.8453792350635858,0.006004810333251953,0.6005958914756775,0.0
547,-0.8809421746646663,0.8465507248126201,0.006011843681335449,0.6001027822494507,0.0
548,-0.8836943124403547,0.8477222427533775,0.006018877029418945,0.5996096134185791,0.0
549,-0.8833046955897442,0.8488938739010917,0.006025910377502441,0.5991162657737732,0.0
550,-0.8860564348477155,0.8500655680414738,0.0060329437255859375,0.5986227989196777,0.0
551,-0.8856674130438142,0.8512372849868944,0.006039857864379883,0.5981290936470032,0.0
552,-0.8884187103429806,0.8524091116082356,0.006046891212463379,0.5976353287696838,0.0
553,-0.8880304475957473,0.8535809589210203,0.006053924560546875,0.5971415638923645,0.0
554,-0.8907812869888756,0.8547529012342592,0.006060957908630371,0.5966475605964661,0.0
555,-0.8901053910215111,0.8559248613112274,0.006067991256713867,0.5961534976959229,0.0
556,-0.8933203377658778,0.8570969236475925,0.0060749053955078125,0.5956591963768005,0.0
557,-0.892476388218529,0.8582690017143252,0.006081938743591309,0.5951648950576782,0.0
558,-0.8956908667952019,0.8594411691567883,0.006088972091674805,0.5946705341339111,0.0
559,-0.8948476413825954,0.8606133486276046,0.006096005439758301,0.5941761136054993,0.0
560,-0.8980615261590275,0.8617856138681519,0.006102919578552246,0.5936813950538635,0.0
561,-0.8972190213234139,0.8629578891829592,0.006109952926635742,0.5931867361068726,0.0
562,-0.9004324275534735,0.8641302484076867,0.006116986274719238,0.5926920175552368,0.0
563,-0.8995905652470423,0.8653026022892913,0.006123900413513184,0.592197060585022,0.0
564,-0.9028034370897411,0.8664750601429739,0.00613093376159668,0.5917021632194519,0.0
565,-0.9019623441402066,0.8676474998354526,0.006137967109680176,0.5912072658538818,0.0
566,-0.9051745944919445,0.8688200282155945,0.006144881248474121,0.5907121300697327,0.0
567,-0.9043341935206568,0.8699925365986869,0.006151914596557617,0.5902170538902283,0.0
568,-0.9075459497851261,0.8711651428615005,0.006158947944641113,0.5897219181060791,0.0
569,-0.9067061872828891,0.8723377247715508,0.006165862083435059,0.5892267227172852,0.0
570,-0.9099294287275306,0.8735103919115254,0.006172895431518555,0.5887314081192017,0.0
571,-0.9090881240270698,0.8746830329375678,0.006179928779602051,0.5882361531257629,0.0
572,-0.9123138451907395,0.8758557659015894,0.006186842918395996,0.5877407789230347,0.0
573,-0.9114732134505467,0.8770284600909072,0.006193876266479492,0.587245523929596,0.0
574,-0.9146983393318948,0.8782012327949047,0.0062007904052734375,0.5867500901222229,0.0
575,-0.9138584355993695,0.879374035286211,0.006207823753356934,0.5862547159194946,0.0
576,-0.917082921096131,0.8805468044421796,0.006214737892150879,0.5857592225074768,0.0
577,-0.9162436801866576,0.8817196501476289,0.006221771240234375,0.5852638483047485,0.0
578,-0.9194675707873678,0.8828924600333842,0.00622868537902832,0.5847683548927307,0.0
579,-0.9186289760517135,0.8840653331401149,0.006235718727111816,0.5842730402946472,0.0
580,-0.9218522668159285,0.8852381789083456,0.006242632865905762,0.5837775468826294,0.0
581,-0.9210143253953891,0.886411085535018,0.006249666213989258,0.5832822322845459,0.0
582,-0.9242370013176778,0.8875839514818008,0.006256580352783203,0.5827867984771729,0.0
583,-0.9233996952186685,0.8887568759613172,0.006263613700866699,0.5822914838790894,0.0
584,-0.9266217627065734,0.8899297683079302,0.0062705278396606445,0.5817960500717163,0.0
585,-0.9257850892159455,0.8911027059713648,0.006277561187744141,0.5813008546829224,0.0
586,-0.9290065332680288,0.8922756091575768,0.006284475326538086,0.5808054804801941,0.0
587,-0.9281704368569297,0.8934485654777052,0.006291389465332031,0.5803102254867554,0.0
588,-0.9313913110289495,0.8946214757847546,0.006298422813415527,0.5798150897026062,0.0
589,-0.9305558375313288,0.8957944361545108,0.006305336952209473,0.579319953918457,0.0
590,-0.9330483193814768,0.8969673473889894,0.006312251091003418,0.5788248181343079,0.0
591,-0.9329562666282897,0.8981402972759411,0.006319284439086914,0.578329861164093,0.0
592,-0.9361425295460046,0.8993132058551689,0.006326198577880859,0.5778349041938782,0.0
593,-0.935308363942512,0.9004861609971512,0.006333112716674805,0.5773400068283081,0.0
594,-0.9378000633926996,0.9016590524899067,0.006340146064758301,0.5768452882766724,0.0
595,-0.9377087093757275,0.902831987576645,0.006347060203552246,0.5763505697250366,0.0
596,-0.9404319596358274,0.9040048669053814,0.006353974342346191,0.5758558511734009,0.0
597,-0.9398388320525246,0.9051777894273674,0.0063610076904296875,0.575361430644989,0.0
598,-0.9428074500639376,0.9063506422971294,0.006367921829223633,0.5748669505119324,0.0
599,-0.9422150905644161,0.9075235354561231,0.006374835968017578,0.5743725895881653,0.0
600,-0.9451828656778082,0.9086964182615622,0.0063817501068115234,0.5738783478736877,0.0
601,-0.9445913434898954,0.9098692299573428,0.0063887834548950195,0.5733843445777893,0.0
602,-0.9475582102123488,0.9110420780670145,0.006395697593688965,0.5728903412818909,0.0
603,-0.9469674514559276,0.9122148521637403,0.00640261173248291,0.572396457195282,0.0
604,-0.9499334071690988,0.9133876615390342,0.0064095258712768555,0.5719027519226074,0.0
605,-0.9493434769927867,0.9145604057674668,0.006416440010070801,0.5714091658592224,0.0
606,-0.9523085657827635,0.9157331623817611,0.006423473358154297,0.5709158182144165,0.0
607,-0.9517194372425104,0.9169058510085699,0.006430387496948242,0.5704225301742554,0.0
608,-0.9546835592507487,0.9180785710442942,0.0064373016357421875,0.5699293613433838,0.0
609,-0.9540952404718034,0.919251211077141,0.006444215774536133,0.5694364309310913,0.0
610,-0.9570584291160766,0.9204238697444079,0.006451129913330078,0.5689435601234436,0.0
611,-0.9564709053216334,0.9215964464763358,0.0064580440521240234,0.568450927734375,0.0
612,-0.9594331679981145,0.9227690508704576,0.006464958190917969,0.567958414554596,0.0
613,-0.958846445774105,0.9239415714229093,0.006471872329711914,0.567466139793396,0.0
614,-0.9618077672878668,0.9251141069292158,0.006478786468505859,0.5669740438461304,0.0
615,-0.9612218304211506,0.9262865567206842,0.006485700607299805,0.5664821863174438,0.0
616,-0.9641822712761721,0.9274590205132197,0.006492733955383301,0.5659905672073364,0.0
617,-0.9635971165505912,0.9286313959048135,0.006499648094177246,0.5654990673065186,0.0
618,-0.9665565599462447,0.9298037935587367,0.006506562232971191,0.5650078058242798,0.0
619,-0.9659721838450549,0.9309760909675004,0.006513476371765137,0.5645167231559753,0.0
620,-0.9689306679384762,0.9321483980317871,0.006520390510559082,0.56402587890625,0.0
621,-0.9683470657752709,0.9333206139354674,0.006527304649353027,0.5635352730751038,0.0
622,-0.9713046073122701,0.9344928486460435,0.006534218788146973,0.5630449056625366,0.0
623,-0.970721776736311,0.9356649795744962,0.006541132926940918,0.5625548362731934,0.0
624,-0.972999621743386,0.9368371050700285,0.0065479278564453125,0.5620647668838501,0.0
625,-0.9740970023311757,0.9380091976724299,0.006554841995239258,0.561575174331665,0.0
626,-0.9753518745065681,0.9391811947701078,0.006561756134033203,0.5610857605934143,0.0
627,-0.9764491908095566,0.9403531848103499,0.0065686702728271484,0.5605966448783875,0.0
628,-0.977121759194046,0.9415250776608393,0.006575584411621094,0.5601078271865845,0.0
629,-0.979004886785399,0.9426969618489899,0.006582498550415039,0.5596192479133606,0.0
630,-0.9794640052623815,0.9438687580328786,0.006589412689208984,0.5591309666633606,0.0
631,-0.9813467412379115,0.9450405439718171,0.00659632682800293,0.5586429834365845,0.0
632,-0.9818060335190074,0.9462122185890456,0.006603240966796875,0.5581552982330322,0.0
633,-0.9836883015949557,0.9473838914120993,0.0066100358963012695,0.5576677918434143,0.0
634,-0.9841477865282174,0.9485554629865762,0.006616950035095215,0.5571807026863098,0.0
635,-0.9860297038970476,0.9497270212393506,0.00662386417388916,0.5566939115524292,0.0
636,-0.9864893668897127,0.9508984758266011,0.0066307783126831055,0.5562074184417725,0.0
637,-0.9883708715206838,0.9520699155928842,0.006637692451477051,0.5557213425636292,0.0
638,-0.9888306391843699,0.9532412384796671,0.006644487380981445,0.5552354454994202,0.0
639,-0.990711727730335,0.9544125567364553,0.006651401519775391,0.5547500252723694,0.0
640,-0.9911717290126918,0.9555837574301196,0.006658315658569336,0.5542649030685425,0.0
641,-0.9930523981729783,0.9567549512027034,0.006665229797363281,0.5537801384925842,0.0
642,-0.9935125070073807,0.9579260250792684,0.006672024726867676,0.5532955527305603,0.0
643,-0.9953927435588955,0.9590970806323273,0.006678938865661621,0.5528115034103394,0.0
644,-0.9958530709421405,0.9602680156608778,0.006685853004455566,0.5523278117179871,0.0
645,-0.9977328826927637,0.9614389409419906,0.006692767143249512,0.5518445372581482,0.0
646,-0.99819330052708,0.96260973261308,0.006699562072753906,0.5513615012168884,0.0
647,-1.000072672317489,0.963780513999606,0.0067064762115478516,0.5508789420127869,0.0
648,-1.000533312434684,0.9649511720002669,0.006713390350341797,0.5503968000411987,0.0
649,-1.0019933803876975,0.9661218058940484,0.006720185279846191,0.5499149560928345,0.0
650,-1.0033248747082806,0.9672923770757305,0.006727099418640137,0.5494336485862732,0.0
651,-1.0043372045460375,0.9684628111630547,0.006733894348144531,0.548952579498291,0.0
652,-1.0056684221631422,0.9696332208440417,0.0067408084869384766,0.5484721064567566,0.0
653,-1.006680772979515,0.9708035037066189,0.006747722625732422,0.5479920506477356,0.0
654,-1.0080116611909211,0.9719737592084305,0.006754517555236816,0.5475122928619385,0.0
655,-1.0090239678353128,0.9731438873957842,0.006761431694030762,0.5470330715179443,0.0
656,-1.01035458555858,0.974313986962134,0.006768226623535156,0.5465542078018188,0.0
657,-1.0113668458819993,0.9754839579061774,0.0067751407623291016,0.5460758805274963,0.0
658,-1.0126971798505986,0.9766538882221505,0.006781935691833496,0.5455979704856873,0.0
659,-1.0137093917050908,0.9778236994042191,0.006788849830627441,0.5451205968856812,0.0
660,-1.0150395119880353,0.9789934695837669,0.006795763969421387,0.5446437001228333,0.0
661,-1.0160516010949496,0.9801631069333953,0.006802558898925781,0.544167160987854,0.0
662,-1.0173814319500507,0.9813327029344492,0.0068094730377197266,0.5436912178993225,0.0
663,-1.0183934660667624,0.9825021756288228,0.006816267967224121,0.5432156324386597,0.0
664,-1.0197229570905846,0.9836716049780305,0.006823062896728516,0.542740523815155,0.0
665,-1.0207349754260397,0.9848408899671816,0.006829977035522461,0.5422661304473877,0.0
666,-1.0220641726539088,0.9860101403954378,0.0068367719650268555,0.541792094707489,0.0
667,-1.023076131619101,0.9871792560251297,0.006843686103820801,0.5413186550140381,0.0
668,-1.0244050434860648,0.9883483359693009,0.006850481033325195,0.5408456325531006,0.0
669,-1.0254169207104156,0.9895172584701527,0.006857395172119141,0.5403733253479004,0.0
670,-1.0267455360756264,0.9906861549285656,0.006864190101623535,0.5399013757705688,0.0
671,-1.0277572881765662,0.9918549027112602,0.00687098503112793,0.5394300222396851,0.0
672,-1.0290856539306692,0.9930236035734555,0.006877899169921875,0.5389593839645386,0.0
673,-1.0300973309327226,0.994192164543302,0.0068846940994262695,0.538489043712616,0.0
674,-1.0312519241352358,0.9953606767134854,0.006891489028930664,0.5380193591117859,0.0
675,-1.0325446223087136,0.9965290896339946,0.006898403167724609,0.5375503301620483,0.0
676,-1.0335947545214412,0.9976973610240792,0.006905198097229004,0.5370817184448242,0.0
677,-1.03488719601652,0.9988655820862407,0.0069119930267333984,0.5366138219833374,0.0
678,-1.0359371845618761,1.000033651504523,0.006918907165527344,0.5361465215682983,0.0
679,-1.0372294283618886,1.0012016794798455,0.006925702095031738,0.535679817199707,0.0
680,-1.0382791633225221,1.0023695539401611,0.006932497024536133,0.5352136492729187,0.0
681,-1.0395712569109814,1.0035373769403444,0.006939411163330078,0.5347482562065125,0.0
682,-1.04062078356492,1.0047050445822623,0.006946206092834473,0.5342833399772644,0.0
683,-1.041912602992868,1.0058726589870435,0.006953001022338867,0.5338190197944641,0.0
684,-1.0429619323697001,1.0070401285584116,0.006959795951843262,0.5333554148674011,0.0
685,-1.0442535393664796,1.008207533275788,0.006966590881347656,0.5328924655914307,0.0
686,-1.045302717114002,1.0093747930101853,0.0069735050201416016,0.5324302315711975,0.0
687,-1.0465941178195712,1.0105419968380223,0.006980299949645996,0.5319684743881226,0.0
688,-1.0476430238175654,1.011709043214998,0.006987094879150391,0.5315075516700745,0.0
689,-1.0489341934114362,1.0128760229589842,0.006993889808654785,0.5310471653938293,0.0
690,-1.0499828855788909,1.014042854993193,0.00700068473815918,0.5305874943733215,0.0
691,-1.0510076082325486,1.0152096301967777,0.007007479667663574,0.530128538608551,0.0
692,-1.0525574749133735,1.016376236275573,0.0070143938064575195,0.5296703577041626,0.0
693,-1.0533532185783616,1.0175427945099575,0.007021188735961914,0.5292128324508667,0.0
694,-1.0549025471795033,1.0187091819061465,0.007027983665466309,0.5287559628486633,0.0
695,-1.0556983158068385,1.0198755108034299,0.007034778594970703,0.5282998085021973,0.0
696,-1.0572471628771518,1.0210416786480119,0.007041573524475098,0.5278443694114685,0.0
697,-1.0580429639531699,1.0222077871846464,0.007048368453979492,0.5273897051811218,0.0
698,-1.0592209931144845,1.0233737231783544,0.007055163383483887,0.5269358158111572,0.0
699,-1.0606890734238297,1.024539609714022,0.007061958312988281,0.5264825820922852,0.0
700,-1.0616545567098368,1.0257053740204722,0.007068753242492676,0.5260300636291504,0.0
701,-1.0630417050631373,1.026870964557515,0.00707554817199707,0.5255783796310425,0.0
702,-1.0640069552168294,1.0280365044824444,0.007082343101501465,0.5251275300979614,0.0
703,-1.0653863030115982,1.0292018698387775,0.007089138031005859,0.5246773958206177,0.0
704,-1.0663606191869728,1.0303671626043904,0.007095932960510254,0.524228036403656,0.0
705,-1.0675852410344264,1.0315323012555342,0.0071027278900146484,0.5237795114517212,0.0
706,-1.06877192056692,1.0326973559922552,0.007109522819519043,0.5233317613601685,0.0
707,-1.0699333917529028,1.0338622558444792,0.0071163177490234375,0.5228848457336426,0.0
708,-1.0711197917846618,1.035027081696029,0.007123112678527832,0.5224387645721436,0.0
709,-1.0722810523726003,1.0361917307152544,0.0071299076080322266,0.5219933986663818,0.0
710,-1.0734671590636193,1.0373563156577061,0.007136702537536621,0.5215489864349365,0.0
711,-1.0746282199356165,1.0385207230496554,0.007143497467041016,0.5211053490638733,0.0
712,-1.075814031249799,1.039685065700657,0.00715029239654541,0.5206625461578369,0.0
713,-1.0769748908551091,1.0408492301008492,0.007157087326049805,0.5202206373214722,0.0
714,-1.078160345530166,1.0420133282887103,0.0071637630462646484,0.5197794437408447,0.0
715,-1.0793209994197372,1.0431772483680237,0.007170557975769043,0.5193392038345337,0.0
716,-1.0805062087632729,1.0443410918645721,0.0071773529052734375,0.5188999176025391,0.0
717,-1.0816666598375444,1.0455047663324941,0.007184147834777832,0.5184614658355713,0.0
718,-1.0828484039442272,1.0466683636137175,0.0071909427642822266,0.5180240273475647,0.0
719,-1.084011028624984,1.0478317806568087,0.007197737693786621,0.5175873637199402,0.0
720,-1.085193166299551,1.0489951191108147,0.007204413414001465,0.5171515345573425,0.0
721,-1.0863555805737692,1.05015828807355,0.007211208343505859,0.5167166590690613,0.0
722,-1.0875374783380891,1.0513213787010671,0.007218003273010254,0.516282856464386,0.0
723,-1.088699673455323,1.0524842878545875,0.0072247982025146484,0.5158498287200928,0.0
724,-1.0898812614607813,1.0536471181280866,0.007231593132019043,0.5154178738594055,0.0
725,-1.090761902724781,1.0548098169872637,0.007238268852233887,0.5149867534637451,0.0
726,-1.092584404464347,1.0559723448434541,0.007245063781738281,0.5145566463470459,0.0
727,-1.0931131073031999,1.0571347825052932,0.007251858711242676,0.5141274929046631,0.0
728,-1.0949349061850786,1.058297046946534,0.0072585344314575195,0.5136992335319519,0.0
729,-1.095463722364576,1.0594592320323781,0.007265329360961914,0.5132720470428467,0.0
730,-1.0972849251206789,1.0606212231424288,0.007272124290466309,0.5128458738327026,0.0
731,-1.0978137835000334,1.0617831432761258,0.007278800010681152,0.5124205946922302,0.0
732,-1.0996343497050876,1.0629448802325387,0.007285594940185547,0.5119964480400085,0.0
733,-1.100163373389624,1.064106536052314,0.007292389869689941,0.5115732550621033,0.0
734,-1.1019807284529632,1.0652679960471685,0.007299065589904785,0.5111510157585144,0.0
735,-1.1025117651723613,1.066429385765563,0.00730586051940918,0.510729968547821,0.0
736,-1.1043291022931505,1.0675905799911116,0.007312655448913574,0.5103098750114441,0.0
737,-1.104860176159956,1.0687517018487702,0.007319331169128418,0.5098907351493835,0.0
738,-1.1066768665833076,1.0699126285612288,0.0073261260986328125,0.5094728469848633,0.0
739,-1.1072080260000905,1.071073472006184,0.007332801818847656,0.5090557932853699,0.0
740,-1.1090240681374612,1.0722341303191403,0.007339596748352051,0.5086399912834167,0.0
741,-1.1095553156971447,1.0733946944984212,0.0073462724685668945,0.5082250833511353,0.0
742,-1.1113707081826945,1.074555083556443,0.007353067398071289,0.5078114867210388,0.0
743,-1.111576752947953,1.0757153789172338,0.007359862327575684,0.5073989629745483,0.0
744,-1.1141432563504086,1.0768754866264234,0.007366538047790527,0.5069873929023743,0.0
745,-1.1139113834248247,1.0780355115385147,0.007373332977294922,0.5065770149230957,0.0
746,-1.1164769158786239,1.0791953379434145,0.007380008697509766,0.5061677098274231,0.0
747,-1.1162454411152765,1.0803550811970097,0.00738680362701416,0.5057596564292908,0.0
748,-1.1188100121688984,1.0815146359821592,0.007393479347229004,0.5053526759147644,0.0
749,-1.1185788768789984,1.0826740960269283,0.007400155067443848,0.504946768283844,0.0
750,-1.121142585869048,1.0838334206490534,0.007406949996948242,0.5045421123504639,0.0
751,-1.120911797202496,1.0849925458200578,0.007413625717163086,0.5041385889053345,0.0
752,-1.1234745452503716,1.0861515974214284,0.0074204206466674805,0.5037363171577454,0.0
753,-1.123244151039275,1.0873104388104042,0.007427096366882324,0.5033350586891174,0.0
754,-1.1258059162102954,1.0884691959201818,0.007433891296386719,0.5029352307319641,0.0
755,-1.1255759283099298,1.089627763286929,0.0074405670166015625,0.502536416053772,0.0
756,-1.1281366703525975,1.0907862452582606,0.007447242736816406,0.5021387934684753,0.0
757,-1.127907125778359,1.0919445180176928,0.007454037666320801,0.5017425417900085,0.0
758,-1.1304668836975327,1.0931027042991777,0.0074607133865356445,0.5013473629951477,0.0
759,-1.130237685621139,1.0942607010102414,0.007467389106750488,0.5009534955024719,0.0
760,-1.1327965284059327,1.0954186022418153,0.007474184036254883,0.5005609393119812,0.0
761,-1.1325677226749378,1.0965763127832162,0.0074808597564697266,0.5001695156097412,0.0
762,-1.1352137936891675,1.097733926791393,0.00748753547668457,0.4997793436050415,0.0
763,-1.1351409377164279,1.0988913411032306,0.007494330406188965,0.499390572309494,0.0
764,-1.137852829648376,1.100048657852143,0.007501006126403809,0.4990029036998749,0.0
765,-1.13777932880604,1.1012057841771947,0.007507681846618652,0.4986165761947632,0.0
766,-1.1404891819632352,1.1023628238877021,0.007514357566833496,0.49823158979415894,0.0
767,-1.1404150365369556,1.1035196530532398,0.007521152496337891,0.4978479743003845,0.0
768,-1.1429835624166587,1.1046763945927083,0.007527828216552734,0.497465580701828,0.0
769,-1.143122078322975,1.105832934877961,0.007534503936767578,0.49708449840545654,0.0
770,-1.1456117482273613,1.106989388163106,0.007541179656982422,0.4967048168182373,0.0
771,-1.1457494897645728,1.1081456296573078,0.007547855377197266,0.49632641673088074,0.0
772,-1.1482372315274705,1.1093017847999151,0.00755465030670166,0.4959494471549988,0.0
773,-1.1483741966750045,1.1104577374499882,0.007561326026916504,0.4955737590789795,0.0
774,-1.1506311202396868,1.1116135924691304,0.007568001747131348,0.49519941210746765,0.0
775,-1.1510711626727541,1.1127692977202357,0.007574677467346191,0.4948264956474304,0.0
776,-1.153143138654301,1.1139248113098037,0.007581353187561035,0.49445492029190063,0.0
777,-1.1537540263536337,1.1150802270665716,0.007588028907775879,0.49408477544784546,0.0
778,-1.1557626054498986,1.1162354312342804,0.0075948238372802734,0.49371618032455444,0.0
779,-1.1563725009750172,1.1173905469255672,0.007601499557495117,0.49334877729415894,0.0
780,-1.1583792426683428,1.1185454603377365,0.007608175277709961,0.4929828643798828,0.0
781,-1.1589880747457721,1.1197002757070516,0.007614850997924805,0.4926183819770813,0.0
782,-1.160992969471311,1.1208548886573162,0.0076215267181396484,0.492255300283432,0.0
783,-1.161600749378969,1.122009403478925,0.007628202438354492,0.4918937087059021,0.0
784,-1.163603739926889,1.1231637157543948,0.007634878158569336,0.4915336072444916,0.0
785,-1.164210464996534,1.1243179298280601,0.00764155387878418,0.4911749064922333,0.0
786,-1.1662115737173202,1.1254719412412135,0.0076482295989990234,0.49081772565841675,0.0
787,-1.1668171979994542,1.1266258543919423,0.007654905319213867,0.4904620349407196,0.0
788,-1.168816424963536,1.127779564780378,0.007661581039428711,0.49010777473449707,0.0
789,-1.1694209344743824,1.1289331768581718,0.007668256759643555,0.48975512385368347,0.0
790,-1.1714182102368567,1.1300865758694043,0.0076749324798583984,0.48940393328666687,0.0
791,-1.172021642766822,1.1312398867543834,0.007681608200073242,0.48905423283576965,0.0
792,-1.1740169884864513,1.132392994710804,0.007688283920288086,0.488706111907959,0.0
793,-1.1746192846015697,1.1335459940980877,0.00769495964050293,0.4883594810962677,0.0
794,-1.1766126783863948,1.134698790502902,0.0077016353607177734,0.48801442980766296,0.0
795,-1.1772138108846675,1.1358514885365267,0.007708311080932617,0.4876709580421448,0.0
796,-1.179205229723187,1.1370039835351355,0.007714986801147461,0.48732906579971313,0.0
797,-1.1798052096587164,1.1381563793500937,0.007721543312072754,0.4869885742664337,0.0
798,-1.1816502479709647,1.1393085627307933,0.007728219032287598,0.48664984107017517,0.0
799,-1.1825072062245532,1.140460657929733,0.007734894752502441,0.4863126873970032,0.0
800,-1.1842334306654951,1.141612592253455,0.007741570472717285,0.4859771132469177,0.0
801,-1.1850890282554438,1.1427643758752501,0.007748246192932129,0.4856432378292084,0.0
802,-1.1868132781746346,1.1439158938246357,0.007754921913146973,0.4853108823299408,0.0
803,-1.1876675405080346,1.145067365897837,0.007761597633361816,0.4849802255630493,0.0
804,-1.1893899856101284,1.1462186864910704,0.007768154144287109,0.4846510589122772,0.0
805,-1.1902428756928756,1.1473698572414475,0.007774829864501953,0.48432374000549316,0.0
806,-1.191963335246332,1.1485207623078209,0.007781505584716797,0.48399797081947327,0.0
807,-1.1928148660560756,1.1496716216609704,0.007788181304931641,0.48367393016815186,0.0
808,-1.194533499635059,1.1508223304276777,0.007794857025146484,0.48335155844688416,0.0
809,-1.1953836112672944,1.1519728777112106,0.007801413536071777,0.4830307960510254,0.0
810,-1.1971002245795679,1.1531231702728255,0.007808089256286621,0.4827117621898651,0.0
811,-1.1979489492709408,1.1542734173292417,0.007814764976501465,0.4823945164680481,0.0
812,-1.19966366550562,1.155423503022218,0.007821321487426758,0.48207888007164,0.0
813,-1.200510974797858,1.1565734290264529,0.007827997207641602,0.4817650318145752,0.0
814,-1.2022236584753752,1.1577231096484664,0.007834672927856445,0.48145294189453125,0.0
815,-1.2030695325676144,1.1588727349414776,0.007841348648071289,0.4811425805091858,0.0
816,-1.2047802990262177,1.1600221990774777,0.007847905158996582,0.48083391785621643,0.0
817,-1.2056247080863431,1.161171513805839,0.007854580879211426,0.4805271029472351,0.0
818,-1.2073334054123017,1.1623205631138456,0.00786125659942627,0.48022204637527466,0.0
819,-1.20817631102888,1.1634695666778194,0.007867813110351562,0.4799187183380127,0.0
820,-1.209883129225253,1.1646184109551345,0.007874488830566406,0.479617178440094,0.0
821,-1.210724543710364,1.1657671044425453,0.0078810453414917,0.47931745648384094,0.0
822,-1.2124292323808112,1.1669155435358625,0.007887721061706543,0.47901955246925354,0.0
823,-1.2132691810991818,1.1680639280039176,0.007894396781921387,0.47872352600097656,0.0
824,-1.2149719068136307,1.169212151859361,0.00790095329284668,0.4784291684627533,0.0
825,-1.215826103993685,1.1703602168067382,0.007907629013061523,0.4781368374824524,0.0
826,-1.2183077762729475,1.1715081413400434,0.007914185523986816,0.4778462052345276,0.0
827,-1.2190155172615653,1.1726557917184128,0.00792086124420166,0.477557510137558,0.0
828,-1.221494834859296,1.173803397206685,0.007927417755126953,0.47727063298225403,0.0
829,-1.2222011586029509,1.1749508441328032,0.007934093475341797,0.47698572278022766,0.0
830,-1.2246780972645017,1.1760981409665936,0.00794064998626709,0.47670260071754456,0.0
831,-1.2253827951740415,1.1772451739402778,0.007947325706481934,0.47642144560813904,0.0
832,-1.2275046823768192,1.1783921524918681,0.007953882217407227,0.4761420786380768,0.0
833,-1.2289510910276262,1.1795389828509328,0.00796055793762207,0.47586479783058167,0.0
834,-1.2307693736597196,1.180685653528277,0.007967114448547363,0.4755892753601074,0.0
835,-1.2321344705708834,1.1818320606761628,0.007973790168762207,0.4753158390522003,0.0
836,-1.2339505261752242,1.182978423874713,0.0079803466796875,0.47504422068595886,0.0
837,-1.235313886117429,1.1841246293389038,0.007987022399902344,0.47477468848228455,0.0
838,-1.237127706934805,1.185270675572863,0.007993578910827637,0.4745069742202759,0.0
839,-1.2384891413669936,1.1864164578416638,0.00800013542175293,0.4742411971092224,0.0
840,-1.2403006783832216,1.1875621983123101,0.008006811141967773,0.47397756576538086,0.0
841,-1.241660315584471,1.1887077799146424,0.008013367652893066,0.47371578216552734,0.0
842,-1.24346953515292,1.1898532043926509,0.00802004337310791,0.47345614433288574,0.0
843,-1.2448271539685112,1.1909983744201629,0.008026599884033203,0.4731983542442322,0.0
844,-1.246634078877187,1.1921434825985582,0.008033156394958496,0.47294265031814575,0.0
845,-1.2479897828848223,1.1932884439526859,0.00803983211517334,0.47268903255462646,0.0
846,-1.249794390359685,1.1944332470990875,0.008046388626098633,0.4724373519420624,0.0
847,-1.251148051361426,1.1955777970295203,0.008052945137023926,0.47218769788742065,0.0
848,-1.252782678571873,1.1967222865799498,0.00805962085723877,0.4719402492046356,0.0
849,-1.2544511762527673,1.19786662822771,0.008066177368164062,0.4716947078704834,0.0
850,-1.2559304868909724,1.1990108031777684,0.008072733879089355,0.4714513123035431,0.0
851,-1.2575967969206432,1.2001548313194692,0.008079290390014648,0.47120991349220276,0.0
852,-1.258983499728829,1.2012985977893276,0.008085966110229492,0.4709707200527191,0.0
853,-1.26084351473104,1.2024423228587136,0.008092522621154785,0.4707335829734802,0.0
854,-1.262119935243893,1.2035858818625935,0.008099079132080078,0.47049853205680847,0.0
855,-1.263977610186026,1.20472928481509,0.008105635643005371,0.47026556730270386,0.0
856,-1.2652516996630356,1.2058724364746511,0.008112311363220215,0.4700348973274231,0.0
857,-1.2671069985049956,1.2070155277879069,0.008118867874145508,0.4698061943054199,0.0
858,-1.2683789686335314,1.2081584733615256,0.0081254243850708,0.46957966685295105,0.0
859,-1.2702318310967322,1.20930126353747,0.008131980895996094,0.4693553149700165,0.0
860,-1.271501448538912,1.2104437923631495,0.008138537406921387,0.4691331088542938,0.0
861,-1.2733519010860437,1.2115862722413842,0.00814509391784668,0.4689130485057831,0.0
862,-1.2746192591997654,1.212728598050465,0.008151769638061523,0.46869537234306335,0.0
863,-1.2764672189719188,1.2138707683601009,0.008158326148986816,0.4682697653770447,0.0
864,-1.2777322127228694,1.2150126779451533,0.00816488265991211,0.46745824813842773,0.0
865,-1.2795776912293932,1.216154539390378,0.008171439170837402,0.4666471779346466,0.0
866,-1.2808404048230142,1.217296246691897,0.008177995681762695,0.4658365845680237,0.0
867,-1.2826833562163178,1.2184378000378149,0.008184552192687988,0.4650263786315918,0.0
868,-1.2839436214590667,1.219579093321109,0.008191108703613281,0.4642166495323181,0.0
869,-1.285398479771267,1.2207203393075374,0.008197665214538574,0.46340736746788025,0.0
870,-1.2873119962083492,1.2218614319159442,0.008204221725463867,0.462598592042923,0.0
871,-1.28849304450696,1.2230023713432288,0.00821077823638916,0.4617902934551239,0.0
872,-1.2904038348547435,1.2241430514054916,0.008217334747314453,0.4609825015068054,0.0
873,-1.2915824742081254,1.2252836850485704,0.008223891258239746,0.46017515659332275,0.0
874,-1.293490688965643,1.2264241661142603,0.008230447769165039,0.45936840772628784,0.0
875,-1.2946669063840808,1.2275644948081017,0.008237004280090332,0.45856210589408875,0.0
876,-1.2965724445735471,1.2287046713377716,0.008243560791015625,0.4577563405036926,0.0
877,-1.2977460877837423,1.2298445894235903,0.008250117301940918,0.4569511115550995,0.0
878,-1.2992436162403544,1.2309844622352182,0.008256673812866211,0.4561464786529541,0.0
879,-1.3014844963959793,1.2321241738398119,0.008263230323791504,0.4553423225879669,0.0
880,-1.302300307054837,1.23326374381745,0.008269786834716797,0.4545387923717499,0.0
881,-1.304538158791583,1.2344030561267931,0.00827634334564209,0.4537358283996582,0.0
882,-1.3053515889163907,1.2355423144569146,0.008282899856567383,0.4529334306716919,0.0
883,-1.3075865970439762,1.2366814221491065,0.008289456367492676,0.4521316885948181,0.0
884,-1.3083976164915403,1.2378203890730692,0.008296012878417969,0.4513304829597473,0.0
885,-1.3106295664385827,1.2389590894994755,0.008302569389343262,0.45052993297576904,0.0
886,-1.3114381335070653,1.2400977458032434,0.008309006690979004,0.44972988963127136,0.0
887,-1.3131194211742332,1.2412362435563047,0.008315563201904297,0.448930561542511,0.0
888,-1.3147287232156621,1.2423746014460584,0.00832211971282959,0.4481319189071655,0.0
889,-1.3161614090788398,1.2435127033326616,0.008328676223754883,0.4473338723182678,0.0
890,-1.317767862052079,1.2446507533126177,0.008335232734680176,0.4465366005897522,0.0
891,-1.3191979237495592,1.2457886545211272,0.008341789245605469,0.44573989510536194,0.0
892,-1.3208016340841262,1.2469264159887081,0.008348226547241211,0.44494378566741943,0.0
893,-1.3222287483169963,1.248063913545269,0.008354783058166504,0.44414854049682617,0.0
894,-1.3238295799494946,1.2492013602865764,0.008361339569091797,0.44335392117500305,0.0
895,-1.3252539496072817,1.25033866881538,0.00836789608001709,0.4425601065158844,0.0
896,-1.326851933541227,1.2514758289952146,0.008374333381652832,0.4417668879032135,0.0
897,-1.3282733606917252,1.2526127262117888,0.008380889892578125,0.44097447395324707,0.0
898,-1.3298684087678816,1.2537495832859826,0.008387446403503418,0.44018280506134033,0.0
899,-1.3312870917754105,1.2548862935832936,0.008394002914428711,0.43939194083213806,0.0
900,-1.3328791742550001,1.2560228565597262,0.008400440216064453,0.4386017620563507,0.0
901,-1.3342949066902705,1.2571592645452665,0.008406996726989746,0.4378124475479126,0.0
902,-1.335883945605663,1.2582954290514936,0.008413553237915039,0.4370238780975342,0.0
903,-1.3372967575396926,1.2594315444952682,0.008419990539550781,0.43623605370521545,0.0
904,-1.338882885831891,1.2605675152772629,0.008426547050476074,0.43544912338256836,0.0
905,-1.3402927188557139,1.2617033408632476,0.008433103561401367,0.4346630275249481,0.0
906,-1.3418757242248562,1.2628389041310315,0.00843954086303711,0.43387770652770996,0.0
907,-1.3432825465585412,1.2639744401167918,0.008446097373962402,0.4330933094024658,0.0
908,-1.344862580256546,1.2651098222352686,0.008452653884887695,0.43230974674224854,0.0
909,-1.3462663715116587,1.2662450594548076,0.008459091186523438,0.4315270185470581,0.0
910,-1.3478431974556058,1.2673800370052246,0.00846564769744873,0.4307452142238617,0.0
911,-1.3492439674287424,1.2685149868402048,0.008472084999084473,0.42996421456336975,0.0
912,-1.3508177665918044,1.269649784754161,0.008478641510009766,0.4291842579841614,0.0
913,-1.3522154213875186,1.2707844388958622,0.008485078811645508,0.42840510606765747,0.0
914,-1.353785982777247,1.2719188344480632,0.0084916353225708,0.42762696743011475,0.0
915,-1.3551804886550658,1.2730532042785911,0.008498191833496094,0.4268498122692108,0.0
916,-1.3567479738482215,1.2741874217667355,0.008504629135131836,0.42607349157333374,0.0
917,-1.3581393456445436,1.2753214982358838,0.008511185646057129,0.42529821395874023,0.0
918,-1.359509471435215,1.276455325037225,0.008517622947692871,0.42452386021614075,0.0
919,-1.3612599662164118,1.2775891093196239,0.008524179458618164,0.42375054955482483,0.0
920,-1.3624624780235213,1.2787227612703322,0.008530616760253906,0.4229781925678253,0.0
921,-1.3642105253702685,1.279856254595703,0.0085371732711792,0.42220696806907654,0.0
922,-1.3654095024180646,1.2809895087591072,0.008543610572814941,0.4214365780353546,0.0
923,-1.367154182953499,1.2821227302872729,0.008550047874450684,0.4206673204898834,0.0
924,-1.3683500618320898,1.2832558035097386,0.008556604385375977,0.41989919543266296,0.0
925,-1.3700912958234637,1.2843887365137432,0.008563041687011719,0.4191320836544037,0.0
926,-1.3712839683289364,1.2855215218468234,0.008569598197937012,0.41836610436439514,0.0
927,-1.3730217004864813,1.2866540694067796,0.008576035499572754,0.4176011085510254,0.0
928,-1.3742111879906524,1.2877865766291443,0.008582472801208496,0.416837215423584,0.0
929,-1.3759454793995207,1.2889189464687623,0.008589029312133789,0.41607457399368286,0.0
930,-1.3771317044694098,1.290051168318949,0.008595466613769531,0.4153129756450653,0.0
931,-1.3788623654727432,1.2911831458201066,0.008602023124694824,0.41455262899398804,0.0
932,-1.3800453008749076,1.2923150928800071,0.008608460426330566,0.41379332542419434,0.0
933,-1.3817725909633378,1.2934469030278346,0.008614897727966309,0.413035124540329,0.0
934,-1.3829521722567286,1.2945785680843536,0.008621454238891602,0.41227832436561584,0.0
935,-1.3846757252654354,1.2957099976855828,0.008627891540527344,0.41152259707450867,0.0
936,-1.3858520205556935,1.2968413804387176,0.008634328842163086,0.4107680320739746,0.0
937,-1.3875720786855088,1.2979726368608968,0.008640766143798828,0.4100147485733032,0.0
938,-1.3887448994825287,1.2991037495223758,0.008647322654724121,0.40926286578178406,0.0
939,-1.3904612257753235,1.300234618671346,0.008653759956359863,0.40851202607154846,0.0
940,-1.3916307153424363,1.3013654609393064,0.008660197257995605,0.4077624976634979,0.0
941,-1.393343462459925,1.3024961689115664,0.008666634559631348,0.40701425075531006,0.0
942,-1.394509456678865,1.303626734480353,0.00867319107055664,0.4062674641609192,0.0
943,-1.3962184024878184,1.3047570577922556,0.008679628372192383,0.40552181005477905,0.0
944,-1.3973809399086419,1.3058873464241585,0.008686065673828125,0.40477752685546875,0.0
945,-1.3990862516671985,1.3070175113349467,0.008692502975463867,0.4040345847606659,0.0
946,-1.400245294240509,1.30814753443016,0.00869894027709961,0.40329301357269287,0.0
947,-1.4019467035402209,1.3092773089442793,0.008705496788024902,0.40255287289619446,0.0
948,-1.4031021950103901,1.3104070678531141,0.008711934089660645,0.4018140733242035,0.0
949,-1.404799921170749,1.311536686004953,0.008718371391296387,0.40107664465904236,0.0
950,-1.4059516110947565,1.3126661729404854,0.008724808692932129,0.40034064650535583,0.0
951,-1.4076458663906295,1.3137955290048182,0.008731245994567871,0.3996061086654663,0.0
952,-1.4087936880283811,1.314924637364529,0.008737683296203613,0.3988730013370514,0.0
953,-1.4104841123164653,1.3160537235639487,0.008744120597839355,0.3981413245201111,0.0
954,-1.4116284108294392,1.317182679951952,0.008750557899475098,0.39741116762161255,0.0
955,-1.4133148770897068,1.3183114985376423,0.00875711441040039,0.39668262004852295,0.0
956,-1.414455414323363,1.3194400882669082,0.008763551712036133,0.3959554433822632,0.0
957,-1.4161379902432851,1.3205686482009948,0.008769989013671875,0.3952298164367676,0.0
958,-1.4172749036735561,1.3216970706392979,0.008776426315307617,0.39450573921203613,0.0
959,-1.4189535187198192,1.3228253741749643,0.00878286361694336,0.39378318190574646,0.0
960,-1.420086615571305,1.3239534327695914,0.008789300918579102,0.39306220412254333,0.0
961,-1.421761204841144,1.3250814722320259,0.008795738220214844,0.39234286546707153,0.0
962,-1.4228906411491742,1.326209384766812,0.008802175521850586,0.3916251063346863,0.0
963,-1.4245612399533405,1.3273371616615752,0.008808612823486328,0.3909089267253876,0.0
964,-1.4256862008216304,1.3284647041178432,0.00881505012512207,0.39019447565078735,0.0
965,-1.4273535504711172,1.3295922289918518,0.008821487426757812,0.38948163390159607,0.0
966,-1.4284744815725416,1.330719628416321,0.008827924728393555,0.38877052068710327,0.0
967,-1.4301377855434323,1.331846893715577,0.008834362030029297,0.38806095719337463,0.0
968,-1.4312547272095926,1.3329739259889846,0.008840799331665039,0.38735324144363403,0.0
969,-1.4329138746423682,1.3341009414602427,0.00884711742401123,0.3866470754146576,0.0
970,-1.4340271039848023,1.335227833777056,0.008853554725646973,0.3859427571296692,0.0
971,-1.43568206568328,1.3363545935071974,0.008859992027282715,0.3852401673793793,0.0
972,-1.4367911891232972,1.3374811216479165,0.008866429328918457,0.3845394551753998,0.0
973,-1.4384419394345962,1.3386076353761376,0.0088728666305542,0.3838404715061188,0.0
974,-1.4395472697171408,1.339734026681608,0.008879303932189941,0.38314327597618103,0.0
975,-1.4411937872723937,1.3408602869623134,0.008885741233825684,0.3824479281902313,0.0
976,-1.4422950524708278,1.341986425599199,0.008892178535461426,0.38175448775291443,0.0
977,-1.443937249675932,1.3431123426460403,0.008898496627807617,0.38106271624565125,0.0
978,-1.445034511268264,1.3442382301617415,0.00890493392944336,0.38037294149398804,0.0
979,-1.4466724701626574,1.3453640061565877,0.008911371231079102,0.37968510389328003,0.0
980,-1.4477656561452887,1.3464896531074328,0.008917808532714844,0.37899917364120483,0.0
981,-1.449399172007216,1.347615071781948,0.008924245834350586,0.37831515073776245,0.0
982,-1.450488293751682,1.3487404789223956,0.008930563926696777,0.3776330053806305,0.0
983,-1.452117536276192,1.3498657679428203,0.00893700122833252,0.3769529461860657,0.0
984,-1.453202525194086,1.3509909384446865,0.008943438529968262,0.37627482414245605,0.0
985,-1.4550425967292813,1.3521158732612366,0.008949875831604004,0.3755987584590912,0.0
986,-1.4565711707211648,1.353240798212957,0.008956193923950195,0.37492460012435913,0.0
987,-1.4586395475039509,1.354365606642493,0.008962631225585938,0.3742525577545166,0.0
988,-1.4601642799754249,1.3554902981571562,0.00896906852722168,0.3735825717449188,0.0
989,-1.4622283969444703,1.3566147644242896,0.008975505828857422,0.37291473150253296,0.0
990,-1.4637492643155376,1.3577392136367954,0.008981823921203613,0.3722488582134247,0.0
991,-1.4658093887251058,1.3588635568034848,0.008988261222839355,0.3715852200984955,0.0
992,-1.4672945903331396,1.3599877758159977,0.008994698524475098,0.3709236979484558,0.0
993,-1.4694133220858259,1.3611117703453839,0.009001016616821289,0.3702642619609833,0.0
994,-1.47086343756493,1.3622357599786659,0.009007453918457031,0.3696071207523346,0.0
995,-1.4729792510303008,1.363359635543565,0.009013891220092773,0.3689521551132202,0.0
996,-1.4744250022535774,1.364483387842359,0.009020209312438965,0.368299275636673,0.0
997,-1.4765364629601494,1.3656069276253506,0.009026646614074707,0.367648720741272,0.0
998,-1.4779782260300809,1.3667304538465206,0.009032964706420898,0.3670003414154053,0.0
999,-1.4800854273236903,1.3678538684524093,0.00903940200805664,0.366354376077652,0.0
