step,reward,mean_form_error_m,mean_z_error_m,min_dyn_distance_m,collision_flag,x_m,y_m,z_m,vx_mps,vy_mps,vz_mps,roll_rad,pitch_rad,yaw_rad,wx_rps,wy_rps,wz_rps,x_des_m,y_des_m,z_des_m,ic_pos_jitter_d0_x_m,ic_pos_jitter_d0_y_m,ic_pos_jitter_d0_z_m,ic_yaw_jitter_d0_rad,ic_vel_jitter_d0_x_mps,ic_vel_jitter_d0_y_mps,ic_vel_jitter_d0_z_mps,ic_pos_jitter_d1_x_m,ic_pos_jitter_d1_y_m,ic_pos_jitter_d1_z_m,ic_yaw_jitter_d1_rad,ic_vel_jitter_d1_x_mps,ic_vel_jitter_d1_y_mps,ic_vel_jitter_d1_z_mps,ic_pos_jitter_d2_x_m,ic_pos_jitter_d2_y_m,ic_pos_jitter_d2_z_m,ic_yaw_jitter_d2_rad,ic_vel_jitter_d2_x_mps,ic_vel_jitter_d2_y_mps,ic_vel_jitter_d2_z_mps,ic_pos_jitter_d3_x_m,ic_pos_jitter_d3_y_m,ic_pos_jitter_d3_z_m,ic_yaw_jitter_d3_rad,ic_vel_jitter_d3_x_mps,ic_vel_jitter_d3_y_mps,ic_vel_jitter_d3_z_mps,ic_pos_jitter_d4_x_m,ic_pos_jitter_d4_y_m,ic_pos_jitter_d4_z_m,ic_yaw_jitter_d4_rad,ic_vel_jitter_d4_x_mps,ic_vel_jitter_d4_y_mps,ic_vel_jitter_d4_z_mps,ic_obstacle_jitter_x_m,ic_obstacle_jitter_y_m,ic_obstacle_jitter_z_m,ic_dynamic_jitter_x_m,ic_dynamic_jitter_y_m,ic_dynamic_jitter_z_m,ic_disable_dynamic_flag,ic_chase_mode
,,,,,,,,,,,,,,,,,,,,,0.07530985876444124,0.08904039833543409,-0.02003404775373646,0.08171274475335266,-0.007140945848206209,0.11574090439405643,0.17744670037800236,-0.13515979877318768,0.121791840535375,0.2936614651666503,0.17688199244918257,0.11984846224736584,-0.006523700924168152,-0.11431805383852543,0.22147863560105213,0.031371686449743974,-0.07794130726410198,-0.04989184101495203,-0.027775903580138428,-0.035835196858319124,-0.15467187329025736,-0.13538319898575715,-0.25044899298522255,-0.2542285790837024,0.10361626231894205,-0.12857052500423666,0.05429944846213258,-0.030647845938376828,0.260717260042487,-0.2634367365759536,0.07193218531261719,-0.23020691834420762,0.07910569393125183,0.06128009632553838,-0.0969737976643581,0.381403226252614,-0.046754756201338954,0.19841900266641166,-0.296990123016192,0.3602632837559697,0.049898060583347725,0.0,round_robin
0.0,-0.00933715221882022,0.0007117582717910409,0.0005709528923034668,0.5631565451622009,0.0,0.0,0.0,0.9994296,0.0,0.0,-0.00012735906,0.0,0.0,0.0,0.0,0.0,0.0,0.0,0.0,1.0,,,,,,,,,,,,,,,,,,,,,,,,,,,,,,,,,,,,,,,,,,,
1.0,-0.00934094026134997,0.0010242585558444262,0.0005714893341064453,0.5631195306777954,0.0,0.0,0.0,0.99942905,0.0,0.0,-0.00012596481,0.0,0.0,0.0,0.0,0.0,0.0,0.000375,0.0002,1.0,,,,,,,,,,,,,,,,,,,,,,,,,,,,,,,,,,,,,,,,,,,
2.0,-0.00934434989982724,0.0013973850291222334,0.0005720257759094238,0.56306391954422,0.0,0.0,0.0,0.9994285,0.0,0.0,-0.00012463647,-0.00012803078,0.00023984909,0.0,-0.030714178,0.057589088,0.0,0.00075,0.00039999993,1.0,,,,,,,,,,,,,,,,,,,,,,,,,,,,,,,,,,,,,,,,,,,
3.0,-0.009349091225759483,0.001793751842342317,0.000572502613067627,0.5629897117614746,0.0,4.0868574e-08,2.1796572e-08,0.999428,9.808457e-06,5.231177e-06,-0.00012329416,0.00020241737,2.1457672e-05,0.0,0.07927969,-0.052410748,-1.2316217e-05,0.001125,0.0005999998,1.0,,,,,,,,,,,,,,,,,,,,,,,,,,,,,,,,,,,,,,,,,,,
4.0,-0.009354457415568325,0.002200754825025797,0.0005730390548706055,0.5628967881202698,0.0,8.540348e-08,9.123682e-09,0.9994275,1.0688378e-05,-3.0414933e-06,-0.000121952944,7.43866e-05,0.00026154518,1.1920929e-06,-0.03072544,0.05758821,0.00028527447,0.0015,0.00079999946,1.0,,,,,,,,,,,,,,,,,,,,,,,,,,,,,,,,,,,,,,,,,,,
5.0,-0.009360422267226297,0.002613516990095377,0.0005735158920288086,0.5627850890159607,0.0,1.7447174e-07,-1.6206837e-08,0.99942696,2.1376381e-05,-6.0793245e-06,-0.00012079678,0.00040459633,4.3153763e-05,-2.4080276e-05,0.07926684,-0.05241106,-0.0060845534,0.001875,0.000999999,1.0,,,,,,,,,,,,,,,,,,,,,,,,,,,,,,,,,,,,,,,,,,,
6.0,-0.009366975407180145,0.0030296139884740114,0.0005739927291870117,0.5626545548439026,0.0,2.708693e-07,-1.104455e-07,0.9994265,2.3135413e-05,-2.261728e-05,-0.000119414406,0.00027656555,0.00028300285,7.224083e-05,-0.030735558,0.05757703,0.023127267,0.00225,0.0011999982,1.0,,,,,,,,,,,,,,,,,,,,,,,,,,,,,,,,,,,,,,,,,,,
7.0,-0.009374111488510245,0.0034479114692658186,0.0005744695663452148,0.5625051259994507,0.0,4.1546e-07,-2.5176325e-07,0.999426,3.4701767e-05,-3.3916258e-05,-0.00011826705,0.0006067753,6.4611435e-05,4.673004e-05,0.07925311,-0.052409466,-0.0061006187,0.002625,0.0013999972,1.0,,,,,,,,,,,,,,,,,,,,,,,,,,,,,,,,,,,,,,,,,,,
8.0,-0.00938183021424684,0.003867673221975565,0.000574946403503418,0.5623366832733154,0.0,5.7103927e-07,-4.963935e-07,0.99942553,3.7339025e-05,-5.871126e-05,-0.00011706912,0.0004787445,0.00030446053,0.00014328957,-0.030756464,0.057564907,0.023135802,0.003,0.0015999958,1.0,,,,,,,,,,,,,,,,,,,,,,,,,,,,,,,,,,,,,,,,,,,
9.0,-0.009390124462134193,0.004288504831492901,0.0005754232406616211,0.5621494054794312,0.0,7.78465e-07,-8.2248516e-07,0.99942505,4.978217e-05,-7.8262005e-05,-0.00011587761,0.0008087158,8.606911e-05,0.00011777878,0.079239376,-0.052407872,-0.006116672,0.003375,0.0017999939,1.0,,,,,,,,,,,,,,,,,,,,,,,,,,,,,,,,,,,,,,,,,,,
10.0,-0.009399003228569566,0.004710094071924686,0.0005759000778198242,0.5619429349899292,0.0,1.000532e-06,-1.2862548e-06,0.9994246,5.3296088e-05,-0.00011130472,-0.00011469257,0.00068068504,0.0003259182,0.00021409988,-0.030777361,0.05755279,0.023144327,0.00375,0.0019999917,1.0,,,,,,,,,,,,,,,,,,,,,,,,,,,,,,,,,,,,,,,,,,,
11.0,-0.009408462073120974,0.005132303107529879,0.0005763769149780273,0.5617173910140991,0.0,1.2780922e-06,-1.8658292e-06,0.9994241,6.661445e-05,-0.00013909783,-0.00011349719,0.0010106564,0.00010752678,0.0001885891,0.07922566,-0.052406278,-0.006132712,0.004125,0.0021999888,1.0,,,,,,,,,,,,,,,,,,,,,,,,,,,,,,,,,,,,,,,,,,,
12.0,-0.009418500794043215,0.005554982926696539,0.0005768537521362305,0.5614727139472961,0.0,1.5739399e-06,-2.6174077e-06,0.9994236,7.100345e-05,-0.00018037886,-0.00011231558,0.00088238716,0.00034737587,0.00028514862,-0.030798247,0.057540674,0.02315284,0.0045,0.0023999857,1.0,,,,,,,,,,,,,,,,,,,,,,,,,,,,,,,,,,,,,,,,,,,
13.0,-0.009429126488037221,0.005978068802505732,0.0005773305892944336,0.5612087249755859,0.0,1.928921e-06,-3.519095e-06,0.99942315,8.519545e-05,-0.00021640494,-0.00011111855,0.0012123585,0.00012874603,0.00025963783,0.07921194,-0.052404687,-0.0061487397,0.004875,0.0025999816,1.0,,,,,,,,,,,,,,,,,,,,,,,,,,,,,,,,,,,,,,,,,,,
14.0,-0.009440332854351802,0.006401476915925741,0.0005777478218078613,0.5609255433082581,0.0,2.305829e-06,-4.627074e-06,0.99942267,9.045796e-05,-0.00026591492,-0.000109939865,0.0010840893,0.00036859512,0.00035619736,-0.030819124,0.05752856,0.023161342,0.00525,0.002799977,1.0,,,,,,,,,,,,,,,,,,,,,,,,,,,,,,,,,,,,,,,,,,,
15.0,-0.009452123716666394,0.006825196091085672,0.0005782246589660645,0.5606231093406677,0.0,2.7455042e-06,-5.9194263e-06,0.99942225,0.00010552202,-0.00031016459,-0.00010874128,0.0014138222,0.0001502037,0.00033044815,0.079198234,-0.052403096,-0.0061647547,0.005625,0.0029999719,1.0,,,,,,,,,,,,,,,,,,,,,,,,,,,,,,,,,,,,,,,,,,,
16.0,-0.009464501901328186,0.007249145302921534,0.0005786418914794922,0.5603012442588806,0.0,3.2107394e-06,-7.4523173e-06,0.9994218,0.00011165644,-0.00036789387,-0.00010774945,0.001285553,0.00038981438,0.00042700768,-0.030839989,0.057516444,0.023169836,0.006,0.003199966,1.0,,,,,,,,,,,,,,,,,,,,,,,,,,,,,,,,,,,,,,,,,,,
17.0,-0.009477467767949567,0.007673352025449276,0.0005791187286376953,0.5599600076675415,0.0,3.7423686e-06,-9.203808e-06,0.99942136,0.000127591,-0.0004203578,-0.00010650615,0.0016152859,0.00017142296,0.00040125847,0.07918454,-0.052401505,-0.0061807567,0.006375,0.003399959,1.0,,,,,,,,,,,,,,,,,,,,,,,,,,,,,,,,,,,,,,,,,,,
18.0,-0.009491021737419215,0.00809775572270155,0.000579535961151123,0.5595993399620056,0.0,4.303184e-06,-1.1230047e-05,0.9994209,0.00013459579,-0.00048629718,-0.00010552734,0.0014867783,0.00041103363,0.000497818,-0.030860843,0.05750433,0.023178317,0.00675,0.0035999515,1.0,,,,,,,,,,,,,,,,,,,,,,,,,,,,,,,,,,,,,,,,,,,
19.0,-0.009505165262368246,0.00852237455546856,0.0005799531936645508,0.5592191815376282,0.0,4.9340147e-06,-1.3509071e-05,0.99942046,0.00015139928,-0.000546966,-0.00010428013,0.0018167496,0.00019264221,0.0004720688,0.079170845,-0.052399915,-0.0061967466,0.007125,0.0037999428,1.0,,,,,,,,,,,,,,,,,,,,,,,,,,,,,,,,,,,,,,,,,,,
20.0,-0.009519900604238504,0.008947179652750492,0.0005803704261779785,0.5588194727897644,0.0,5.5976516e-06,-1.6097014e-05,0.99942005,0.00015927284,-0.0006211062,-0.00010330477,0.0016880035,0.00043225288,0.0005686283,-0.030881688,0.05749222,0.023186788,0.0075,0.003999933,1.0,,,,,,,,,,,,,,,,,,,,,,,,,,,,,,,,,,,,,,,,,,,
21.0,-0.009535229320712825,0.00937216728925705,0.0005807876586914062,0.5584001541137695,0.0,6.334916e-06,-1.8971888e-05,0.9994196,0.00017694359,-0.0006899701,-0.00010223984,0.0020177364,0.00021362305,0.0005428791,0.07915716,-0.052398328,-0.006212724,0.007875,0.004199923,1.0,,,,,,,,,,,,,,,,,,,,,,,,,,,,,,,,,,,,,,,,,,,
22.0,-0.009551149921926846,0.009797327220439911,0.000581204891204834,0.5579612851142883,0.0,7.108601e-06,-2.2189814e-05,0.9994192,0.00018568436,-0.0007723018,-0.0001012242,0.0018892288,0.00045323372,0.00063943863,-0.030902522,0.057480104,0.023195248,0.00825,0.004399911,1.0,,,,,,,,,,,,,,,,,,,,,,,,,,,,,,,,,,,,,,,,,,,
23.0,-0.009567666069682311,0.010222701355814934,0.0005816221237182617,0.5575027465820312,0.0,7.959521e-06,-2.572878e-05,0.9994188,0.00020422087,-0.0008493518,-0.00010016789,0.0022187233,0.00023460388,0.0006136894,0.07914348,-0.05239674,-0.0062286886,0.008625,0.0045998986,1.0,,,,,,,,,,,,,,,,,,,,,,,,,,,,,,,,,,,,,,,,,,,
24.0,-0.009583292978841203,0.010648195631802082,0.0005820393562316895,0.557024359703064,0.0,8.8504685e-06,-2.9644885e-05,0.9994184,0.00021382728,-0.00093986554,-9.915273e-05,0.0020902157,0.00047421455,0.00071024895,-0.030923344,0.057467997,0.023203699,0.009,0.0047998847,1.0,,,,,,,,,,,,,,,,,,,,,,,,,,,,,,,,,,,,,,,,,,,
25.0,-0.009601804561237806,0.011073881760239601,0.0005824565887451172,0.5565263032913208,0.0,9.822252e-06,-3.3916105e-05,0.99941796,0.00023322797,-0.0010250923,-9.809544e-05,0.0018246174,0.00025558472,0.00068449974,-0.0637033,-0.052496616,-0.006176905,0.009375,0.00499987,1.0,,,,,,,,,,,,,,,,,,,,,,,,,,,,,,,,,,,,,,,,,,,
26.0,-0.009618625040745248,0.011499689891934395,0.0005828738212585449,0.5560084581375122,0.0,1.0837592e-05,-3.8497154e-05,0.99941754,0.00024368148,-0.0010994519,-9.703141e-05,0.0020172596,0.0004951954,0.00078105927,0.04622917,0.05752559,0.023158185,0.00975,0.0051998533,1.0,,,,,,,,,,,,,,,,,,,,,,,,,,,,,,,,,,,,,,,,,,,
27.0,-0.009638334825114002,0.01192564144730568,0.0005832314491271973,0.5554707646369934,0.0,1.1937333e-05,-4.342077e-05,0.9994171,0.00026393795,-0.001181668,-9.601228e-05,0.0017516613,0.00027680397,0.00075531006,-0.0637018,-0.052497275,-0.0061755404,0.010125,0.0053998358,1.0,,,,,,,,,,,,,,,,,,,,,,,,,,,,,,,,,,,,,,,,,,,
28.0,-0.009656352505230463,0.012351682409644127,0.000583648681640625,0.5549132823944092,0.0,1.3084195e-05,-4.864168e-05,0.99941677,0.00027524706,-0.0012530179,-9.493988e-05,0.0019445419,0.0005161762,0.0008518696,0.046223495,0.057534844,0.023149235,0.0105,0.0055998173,1.0,,,,,,,,,,,,,,,,,,,,,,,,,,,,,,,,,,,,,,,,,,,
29.0,-0.009677262652618812,0.012777877040207386,0.0005840063095092773,0.55433589220047,0.0,1.4319029e-05,-5.419261e-05,0.99941635,0.00029636014,-0.0013322235,-9.4106304e-05,0.0016789436,0.0002977848,0.00082588196,-0.06370031,-0.05249793,-0.0061741713,0.010875,0.005799797,1.0,,,,,,,,,,,,,,,,,,,,,,,,,,,,,,,,,,,,,,,,,,,
30.0,-0.00969648530236009,0.013204147107899189,0.0005844235420227051,0.553738534450531,0.0,1.5604553e-05,-6.0028295e-05,0.999416,0.00030852572,-0.0014005643,-9.299095e-05,0.0018718243,0.0005373955,0.0009224415,0.046217825,0.057544097,0.023140283,0.01125,0.005999775,1.0,,,,,,,,,,,,,,,,,,,,,,,,,,,,,,,,,,,,,,,,,,,
31.0,-0.009718601504179244,0.013630544766783714,0.0005847811698913574,0.5531212091445923,0.0,1.6981621e-05,-6.618146e-05,0.9994156,0.00033049638,-0.0014767604,-9.21671e-05,0.001606226,0.00031876564,0.0008966923,-0.06369881,-0.05249859,-0.0061727976,0.011625,0.0061997515,1.0,,,,,,,,,,,,,,,,,,,,,,,,,,,,,,,,,,,,,,,,,,,
32.0,-0.009739031141911984,0.014057020656764507,0.0005851387977600098,0.5524839162826538,0.0,1.8412951e-05,-7.260685e-05,0.9994152,0.00034351935,-0.0015420924,-9.105006e-05,0.0017988682,0.0005583763,0.0009930134,0.046212155,0.057553343,0.02313133,0.012,0.006399727,1.0,,,,,,,,,,,,,,,,,,,,,,,,,,,,,,,,,,,,,,,,,,,
33.0,-0.009762356240497322,0.014483568258583546,0.0005855560302734375,0.5518265962600708,0.0,1.9939404e-05,-7.933718e-05,0.99941486,0.00036634845,-0.0016152794,-9.022623e-05,0.0015332699,0.0003399849,0.0009672642,-0.06369732,-0.052499246,-0.0061714193,0.012375,0.0065997005,1.0,,,,,,,,,,,,,,,,,,,,,,,,,,,,,,,,,,,,,,,,,,,
34.0,-0.00978399580603,0.014910222962498665,0.0005859136581420898,0.5511492490768433,0.0,2.1523694e-05,-8.632719e-05,0.99941444,0.0003802296,-0.001677603,-8.929376e-05,0.0017261505,0.00057959557,0.0010635853,0.046206485,0.057562586,0.023122374,0.01275,0.0067996723,1.0,,,,,,,,,,,,,,,,,,,,,,,,,,,,,,,,,,,,,,,,,,,
35.0,-0.00980852860934829,0.015336926095187664,0.0005862712860107422,0.550451934337616,0.0,2.3206687e-05,-9.360961e-05,0.9994141,0.0004039182,-0.0017477816,-8.8242276e-05,0.0014603138,0.00036120415,0.0010378361,-0.06369583,-0.052499905,-0.0061700363,0.013125,0.0069996426,1.0,,,,,,,,,,,,,,,,,,,,,,,,,,,,,,,,,,,,,,,,,,,
36.0,-0.009831379988527629,0.015763720497488976,0.0005866289138793945,0.5497344732284546,0.0,2.4951098e-05,-0.00010113919,0.9994137,0.0004186585,-0.0018070973,-8.736384e-05,0.0016531944,0.0006008148,0.0011341572,0.04620082,0.057571825,0.023113417,0.0135,0.007199611,1.0,,,,,,,,,,,,,,,,,,,,,,,,,,,,,,,,,,,,,,,,,,,
37.0,-0.009857125974711386,0.016190554946660995,0.0005869865417480469,0.5489969849586487,0.0,2.6797794e-05,-0.00010894863,0.9994134,0.00044320725,-0.0018742676,-8.648327e-05,0.0013875961,0.0003824234,0.001108408,-0.06369435,-0.052500565,-0.0061686486,0.013875,0.007399578,1.0,,,,,,,,,,,,,,,,,,,,,,,,,,,,,,,,,,,,,,,,,,,
38.0,-0.009881189299511617,0.016617463901638985,0.0005873441696166992,0.5482394099235535,0.0,2.8709492e-05,-0.0001169927,0.999413,0.0004588076,-0.001930576,-8.556532e-05,0.0015802383,0.0006220341,0.0012047291,0.046195157,0.057581056,0.023104457,0.01425,0.007599543,1.0,,,,,,,,,,,,,,,,,,,,,,,,,,,,,,,,,,,,,,,,,,,
39.0,-0.009908147304359597,0.017044413834810257,0.0005877017974853516,0.5474618077278137,0.0,3.0727064e-05,-0.00012530411,0.99941266,0.00048421748,-0.0019947386,-8.4693645e-05,0.00131464,0.00040364265,0.0011789799,-0.06369286,-0.05250122,-0.0061672563,0.014625,0.0077995057,1.0,,,,,,,,,,,,,,,,,,,,,,,,,,,,,,,,,,,,,,,,,,,
40.0,-0.009933421189070224,0.017471421509981155,0.0005880594253540039,0.5466641187667847,0.0,3.2813226e-05,-0.00013383762,0.9994123,0.0005006787,-0.0020480403,-8.377422e-05,0.0015075207,0.0006432533,0.001275301,0.0461895,0.057590287,0.023095496,0.015,0.007999467,1.0,,,,,,,,,,,,,,,,,,,,,,,,,,,,,,,,,,,,,,,,,,,
41.0,-0.009961591096690989,0.01789843663573265,0.0005883574485778809,0.5458464026451111,0.0,3.5008856e-05,-0.00014262593,0.99941194,0.00052695064,-0.0021091956,-8.290253e-05,0.001241684,0.0004248619,0.0012493134,-0.06369137,-0.05250188,-0.0061658593,0.015375,0.008199425,1.0,,,,,,,,,,,,,,,,,,,,,,,,,,,,,,,,,,,,,,,,,,,
42.0,-0.00998807342258808,0.018325528129935265,0.0005887150764465332,0.5450087189674377,0.0,3.7276663e-05,-0.00015162381,0.99941164,0.0005442737,-0.002159491,-8.198369e-05,0.0014345646,0.000664711,0.0013456345,0.04618384,0.05759951,0.023086535,0.01575,0.008399382,1.0,,,,,,,,,,,,,,,,,,,,,,,,,,,,,,,,,,,,,,,,,,,
43.0,-0.010017452342511413,0.018752623349428177,0.0005890727043151855,0.5441509485244751,0.0,3.965753e-05,-0.00016086397,0.9994113,0.0005714084,-0.0022176392,-8.129547e-05,0.0011687279,0.00044631958,0.0013198853,-0.06368989,-0.05250254,-0.006164458,0.016125,0.008599337,1.0,,,,,,,,,,,,,,,,,,,,,,,,,,,,,,,,,,,,,,,,,,,
44.0,-0.010045145867322617,0.01917976140975952,0.0005893707275390625,0.5432731509208679,0.0,4.211417e-05,-0.00017030118,0.9994109,0.0005895942,-0.002264929,-8.033417e-05,0.0013616085,0.00068616867,0.0014162064,0.04617818,0.05760873,0.02307757,0.0165,0.00879929,1.0,,,,,,,,,,,,,,,,,,,,,,,,,,,,,,,,,,,,,,,,,,,
45.0,-0.010075732270799982,0.01960691064596176,0.0005897283554077148,0.542375385761261,0.0,4.4687476e-05,-0.00017996813,0.9994106,0.00061759277,-0.0023200712,-7.947159e-05,0.0010957718,0.00046777725,0.0013902187,-0.063688405,-0.0525032,-0.006163052,0.016875,0.008999241,1.0,,,,,,,,,,,,,,,,,,,,,,,,,,,,,,,,,,,,,,,,,,,
46.0,-0.010104632972300227,0.02003403939306736,0.0005900263786315918,0.5414575934410095,0.0,4.734015e-05,-0.00018981962,0.9994103,0.00063664204,-0.0023643554,-7.873577e-05,0.0012886524,0.0007073879,0.0014865398,0.046172526,0.057617947,0.023068603,0.01725,0.009199189,1.0,,,,,,,,,,,,,,,,,,,,,,,,,,,,,,,,,,,,,,,,,,,
47.0,-0.010136423675506448,0.020461227744817734,0.0005903840065002441,0.5405199527740479,0.0,5.011309e-05,-0.00019988834,0.99941,0.00066550536,-0.002416492,-7.7819896e-05,0.0010228157,0.0004889965,0.0014607906,-0.06368692,-0.052503854,-0.006161641,0.017625,0.009399135,1.0,,,,,,,,,,,,,,,,,,,,,,,,,,,,,,,,,,,,,,,,,,,
48.0,-0.010166528287861819,0.020888376981019974,0.0005906820297241211,0.5395622849464417,0.0,5.2969e-05,-0.00021012904,0.9994096,0.000685419,-0.0024577712,-7.7097204e-05,0.0012156963,0.0007288456,0.0015568733,0.046166874,0.05762716,0.023059636,0.018,0.009599078,1.0,,,,,,,,,,,,,,,,,,,,,,,,,,,,,,,,,,,,,,,,,,,
49.0,-0.010199517468654204,0.02131558209657669,0.000590980052947998,0.5385849475860596,0.0,5.5948785e-05,-0.00022057448,0.9994093,0.00071514794,-0.0025069024,-7.6177865e-05,0.0009498596,0.0005104542,0.0015311241,-0.06368545,-0.052504513,-0.0061602257,0.018375,0.009799019,1.0,,,,,,,,,,,,,,,,,,,,,,,,,,,,,,,,,,,,,,,,,,,
50.0,-0.010230820604760231,0.02174271084368229,0.000591278076171875,0.537587583065033,0.0,5.9015147e-05,-0.00023117938,0.999409,0.00073592697,-0.0025451772,-7.545659e-05,0.0011427402,0.00075030327,0.0016272068,0.046161223,0.05763637,0.023050666,0.01875,0.009998959,1.0,,,,,,,,,,,,,,,,,,,,,,,,,,,,,,,,,,,,,,,,,,,
51.0,-0.010265008129948008,0.02216988429427147,0.000591576099395752,0.5365705490112305,0.0,6.220899e-05,-0.00024197648,0.9994087,0.00076652213,-0.0025913035,-7.472053e-05,0.00087690353,0.00053215027,0.0016014576,-0.063683964,-0.052505173,-0.0061588055,0.019125,0.010198895,1.0,,,,,,,,,,,,,,,,,,,,,,,,,,,,,,,,,,,,,,,,,,,
52.0,-0.010297500609304034,0.022597026079893112,0.0005919337272644043,0.5355337858200073,0.0,6.549302e-05,-0.00025292055,0.9994084,0.0007881674,-0.0026265746,-7.395683e-05,0.0010697842,0.00077199936,0.0016975403,0.046155576,0.05764557,0.023041695,0.0195,0.010398828,1.0,,,,,,,,,,,,,,,,,,,,,,,,,,,,,,,,,,,,,,,,,,,
53.0,-0.010332875558297667,0.023024145513772964,0.0005922317504882812,0.5344774127006531,0.0,6.890814e-05,-0.00026404427,0.99940807,0.0008196299,-0.0026696967,-7.323035e-05,0.00080394745,0.00055360794,0.0016717911,-0.06368249,-0.052505832,-0.006157381,0.019875,0.010598759,1.0,,,,,,,,,,,,,,,,,,,,,,,,,,,,,,,,,,,,,,,,,,,
54.0,-0.010366553605301634,0.023451227694749832,0.0005925297737121582,0.533401370048523,0.0,7.2417075e-05,-0.00027530247,0.99940777,0.0008421424,-0.0027019642,-7.228104e-05,0.0009965897,0.00079345703,0.0017678738,0.046149928,0.057654772,0.023032721,0.02025,0.010798688,1.0,,,,,,,,,,,,,,,,,,,,,,,,,,,,,,,,,,,,,,,,,,,
55.0,-0.01040311465098103,0.023878315463662148,0.0005928277969360352,0.5323057174682617,0.0,7.606071e-05,-0.0002867278,0.9994075,0.000874473,-0.0027420823,-7.159779e-05,0.00073099136,0.0005750656,0.0017418861,-0.063681014,-0.05250649,-0.0061559514,0.020625,0.010998613,1.0,,,,,,,,,,,,,,,,,,,,,,,,,,,,,,,,,,,,,,,,,,,
56.0,-0.01043797095820827,0.024305325001478195,0.0005931258201599121,0.5311906337738037,0.0,7.9801765e-05,-0.0002982751,0.9994072,0.0008978534,-0.002771347,-7.0822876e-05,0.0009236336,0.0008151531,0.0018379688,0.046144284,0.057663966,0.023023747,0.021,0.0111985365,1.0,,,,,,,,,,,,,,,,,,,,,,,,,,,,,,,,,,,,,,,,,,,
57.0,-0.010475706020295053,0.02473229169845581,0.0005933642387390137,0.5300560593605042,0.0,8.368115e-05,-0.000309977,0.9994069,0.0009310532,-0.002808462,-7.009832e-05,0.0006580353,0.0005967617,0.0018122196,-0.06367954,-0.05250715,-0.0061545176,0.021375,0.011398457,1.0,,,,,,,,,,,,,,,,,,,,,,,,,,,,,,,,,,,,,,,,,,,
58.0,-0.010511733520474114,0.025159239768981934,0.0005936622619628906,0.5289021730422974,0.0,8.766158e-05,-0.00032178836,0.99940664,0.0009553024,-0.0028347243,-6.933371e-05,0.0008506775,0.0008368492,0.0019083023,0.046138644,0.057673156,0.02301477,0.02175,0.011598374,1.0,,,,,,,,,,,,,,,,,,,,,,,,,,,,,,,,,,,,,,,,,,,
59.0,-0.010550633124198898,0.025586124509572983,0.0005939602851867676,0.5277290344238281,0.0,9.1783964e-05,-0.00033374183,0.99940634,0.0009893719,-0.002868836,-6.879034e-05,0.0005848408,0.0006184578,0.0018823147,-0.06367807,-0.052507814,-0.006153079,0.022125,0.011798289,1.0,,,,,,,,,,,,,,,,,,,,,,,,,,,,,,,,,,,,,,,,,,,
60.0,-0.010587822980620994,0.026012975722551346,0.0005942583084106445,0.5265366435050964,0.0,9.601101e-05,-0.00034579224,0.99940604,0.001014491,-0.0028920963,-6.79838e-05,0.000777483,0.0008585453,0.0019783974,0.046133004,0.05768234,0.023005791,0.0225,0.0119982,1.0,,,,,,,,,,,,,,,,,,,,,,,,,,,,,,,,,,,,,,,,,,,
61.0,-0.010627876418201484,0.026439746841788292,0.0005944967269897461,0.5253252387046814,0.0,0.00010038364,-0.00035797228,0.99940574,0.0010494315,-0.002923206,-6.726594e-05,0.0005118847,0.0006401539,0.0019526482,-0.063676596,-0.052508473,-0.006151636,0.022875,0.012198108,1.0,,,,,,,,,,,,,,,,,,,,,,,,,,,,,,,,,,,,,,,,,,,
62.0,-0.010666451396602451,0.026866447180509567,0.000594794750213623,0.5240946412086487,0.0,0.00010486456,-0.0003702367,0.9994055,0.001075421,-0.0029434648,-6.650096e-05,0.0007045269,0.0008802414,0.0020484924,0.046127368,0.057691522,0.022996811,0.02325,0.012398014,1.0,,,,,,,,,,,,,,,,,,,,,,,,,,,,,,,,,,,,,,,,,,,
63.0,-0.01070788838033486,0.027293067425489426,0.0005950331687927246,0.5228450894355774,0.0,0.0001094947,-0.00038261825,0.9994052,0.0011112331,-0.0029715723,-6.595695e-05,0.0004386902,0.0007531643,0.0020227432,-0.063719995,-0.030600429,-0.0061347536,0.023625,0.012597917,1.0,,,,,,,,,,,,,,,,,,,,,,,,,,,,,,,,,,,,,,,,,,,
64.0,-0.010747603348004144,0.027719592675566673,0.0005953311920166016,0.5215767025947571,0.0,0.0001142523,-0.0003950717,0.99940497,0.0011418256,-0.0029888228,-6.5154396e-05,0.0006313324,0.0010845661,0.002118826,0.04607987,0.079604395,0.022993203,0.024,0.012797816,1.0,,,,,,,,,,,,,,,,,,,,,,,,,,,,,,,,,,,,,,,,,,,
65.0,-0.010790178825271819,0.028146004304289818,0.0005955696105957031,0.520289421081543,0.0,0.00011919385,-0.00040762965,0.99940467,0.0011859714,-0.0030139135,-6.462361e-05,0.0003657341,0.000957489,0.0020930767,-0.06372284,-0.030611327,-0.006123362,0.024375,0.012997712,1.0,,,,,,,,,,,,,,,,,,,,,,,,,,,,,,,,,,,,,,,,,,,
66.0,-0.010831026425488553,0.02857227250933647,0.0005958676338195801,0.5189834833145142,0.0,0.00012429758,-0.00042024694,0.99940443,0.0012248941,-0.0030281476,-6.3817686e-05,0.0005583763,0.0012888908,0.002188921,0.04607522,0.07960336,0.022974078,0.02475,0.013197605,1.0,,,,,,,,,,,,,,,,,,,,,,,,,,,,,,,,,,,,,,,,,,,
67.0,-0.010874725317515432,0.028998378664255142,0.0005961060523986816,0.5176589488983154,0.0,0.00012961995,-0.0004329562,0.99940413,0.0012773679,-0.0030502214,-6.328989e-05,0.0002925396,0.0011618137,0.0021631718,-0.06372569,-0.030622218,-0.0061119683,0.025125,0.013397493,1.0,,,,,,,,,,,,,,,,,,,,,,,,,,,,,,,,,,,,,,,,,,,
68.0,-0.010916694351882418,0.029424313455820084,0.0005964040756225586,0.5163158178329468,0.0,0.00013513917,-0.00044571218,0.9994039,0.0013246151,-0.0030614384,-6.248299e-05,0.0004851818,0.0014929771,0.002259016,0.046070576,0.079602316,0.022954958,0.0255,0.013597379,1.0,,,,,,,,,,,,,,,,,,,,,,,,,,,,,,,,,,,,,,,,,,,
69.0,-0.010961509836003058,0.02985004521906376,0.0005966424942016602,0.5149542689323425,0.0,0.00014091172,-0.00045854758,0.9994036,0.0013854111,-0.0030804942,-6.195761e-05,0.0002193451,0.0013659,0.0022332668,-0.063728526,-0.030633105,-0.0061005726,0.025875,0.013797263,1.0,,,,,,,,,,,,,,,,,,,,,,,,,,,,,,,,,,,,,,,,,,,
70.0,-0.011004590971079213,0.030275549739599228,0.0005968809127807617,0.5135742425918579,0.0,0.00014691579,-0.00047141715,0.99940336,0.0014409771,-0.0030886938,-6.114988e-05,0.0004119873,0.0016973019,0.002329111,0.046065927,0.07960128,0.02293584,0.02625,0.013997142,1.0,,,,,,,,,,,,,,,,,,,,,,,,,,,,,,,,,,,,,,,,,,,
71.0,-0.01105050961485117,0.03070087358355522,0.0005971193313598633,0.5121760964393616,0.0,0.00015320783,-0.0004843535,0.9994031,0.0015100896,-0.0031047312,-6.0626877e-05,0.00014615059,0.0015702248,0.002303362,-0.06373136,-0.030643988,-0.0060891747,0.026625,0.014197018,1.0,,,,,,,,,,,,,,,,,,,,,,,,,,,,,,,,,,,,,,,,,,,
72.0,-0.011094686657311656,0.031125899404287338,0.0005973577499389648,0.510759711265564,0.0,0.00015976603,-0.00049731147,0.9994029,0.0015739684,-0.0031099126,-6.000229e-05,0.00033903122,0.0019013882,0.0023992062,0.04606128,0.07960024,0.022916727,0.027,0.01439689,1.0,,,,,,,,,,,,,,,,,,,,,,,,,,,,,,,,,,,,,,,,,,,
73.0,-0.011141697643865781,0.03155069425702095,0.0005976557731628418,0.5093253254890442,0.0,0.00016664683,-0.0005103237,0.99940264,0.0016513919,-0.003122931,-5.9438476e-05,7.3194504e-05,0.0017743111,0.0023732185,-0.06373419,-0.030654864,-0.006077775,0.027375,0.014596758,1.0,,,,,,,,,,,,,,,,,,,,,,,,,,,,,,,,,,,,,,,,,,,
74.0,-0.01118709740068908,0.031975165009498596,0.0005978941917419434,0.5078730583190918,0.0,0.0001738284,-0.0005233449,0.99940234,0.001723578,-0.0031250939,-5.8823203e-05,0.00026583672,0.0021054745,0.0024690628,0.046056632,0.079599194,0.022897616,0.02775,0.014796623,1.0,,,,,,,,,,,,,,,,,,,,,,,,,,,,,,,,,,,,,,,,,,,
75.0,-0.011235042890505698,0.032399363815784454,0.0005981326103210449,0.5064029693603516,0.0,0.00018136718,-0.0005364078,0.9994021,0.0018093068,-0.0031350928,-5.8075428e-05,0.0,0.0019783974,0.0024433136,-0.063737005,-0.030665739,-0.006066372,0.028125,0.014996485,1.0,,,,,,,,,,,,,,,,,,,,,,,,,,,,,,,,,,,,,,,,,,,
76.0,-0.011281885698980563,0.032823193818330765,0.0005983710289001465,0.5049151182174683,0.0,0.00018924133,-0.0005494671,0.99940187,0.0018897945,-0.0031342362,-5.750307e-05,0.00019264221,0.0023095608,0.0025389194,0.046051987,0.07959816,0.02287851,0.0285,0.015196342,1.0,,,,,,,,,,,,,,,,,,,,,,,,,,,,,,,,,,,,,,,,,,,
77.0,-0.011330526039629423,0.0332467257976532,0.000598609447479248,0.5034096240997314,0.0,0.00019750725,-0.0005625555,0.9994016,0.0019838223,-0.0031412146,-5.6931367e-05,-7.3194504e-05,0.0021824837,0.0025131702,-0.06373983,-0.030676605,-0.006054968,0.028875,0.015396195,1.0,,,,,,,,,,,,,,,,,,,,,,,,,,,,,,,,,,,,,,,,,,,
78.0,-0.011378795803708099,0.03366986662149429,0.0005987882614135742,0.5018867254257202,0.0,0.00020614312,-0.0005756278,0.9994014,0.002072606,-0.0031373382,-5.631741e-05,0.00011944771,0.002513647,0.002608776,0.046047337,0.079597116,0.02285941,0.02925,0.015596046,1.0,,,,,,,,,,,,,,,,,,,,,,,,,,,,,,,,,,,,,,,,,,,
79.0,-0.011428175122428543,0.03409263864159584,0.0005990266799926758,0.5003464221954346,0.0,0.0002152053,-0.0005887165,0.9994012,0.0021749274,-0.003141296,-5.5757657e-05,-0.00014638901,0.0023863316,0.002583027,-0.06374264,-0.030687468,-0.0060435613,0.029625,0.015795892,1.0,,,,,,,,,,,,,,,,,,,,,,,,,,,,,,,,,,,,,,,,,,,
80.0,-0.01147779821941987,0.034515030682086945,0.0005992650985717773,0.49878886342048645,0.0,0.00022467198,-0.0006017765,0.999401,0.0022720008,-0.0031343992,-5.5324588e-05,4.6253204e-05,0.002717495,0.0026786327,0.046042692,0.07959607,0.02284031,0.03,0.015995733,1.0,,,,,,,,,,,,,,,,,,,,,,,,,,,,,,,,,,,,,,,,,,,
81.0,-0.011528074515645607,0.034936971962451935,0.0005995035171508789,0.497214138507843,0.0,0.00023459953,-0.0006148404,0.99940073,0.0023826105,-0.0031353354,-5.4724555e-05,-0.00021982193,0.0025904179,0.0026528835,-0.06374545,-0.030698327,-0.0060321526,0.030375,0.016195571,1.0,,,,,,,,,,,,,,,,,,,,,,,,,,,,,,,,,,,,,,,,,,,
82.0,-0.011578865199443643,0.03535851463675499,0.0005997419357299805,0.4956223964691162,0.0,0.00024496607,-0.000627863,0.9994005,0.0024879687,-0.0031254173,-5.411671e-05,-2.69413e-05,0.0029213428,0.0027484894,0.046038046,0.07959503,0.022821216,0.03075,0.016395405,1.0,,,,,,,,,,,,,,,,,,,,,,,,,,,,,,,,,,,,,,,,,,,
83.0,-0.011630160587922942,0.03577955812215805,0.0005999207496643066,0.49401378631591797,0.0,0.00025582797,-0.0006408768,0.99940026,0.0026068604,-0.0031233316,-5.3559885e-05,-0.00029301643,0.0027942657,0.0027227402,-0.063748255,-0.030709181,-0.006020742,0.031125,0.016595235,1.0,,,,,,,,,,,,,,,,,,,,,,,,,,,,,,,,,,,,,,,,,,,
84.0,-0.011681963957918784,0.036200180649757385,0.0006001591682434082,0.49238839745521545,0.0,0.00026716338,-0.0006538368,0.9994001,0.0027204973,-0.003110392,-5.2941632e-05,-0.0001001358,0.0031254292,0.0028181076,0.0460334,0.07959399,0.022802126,0.0315,0.016795062,1.0,,,,,,,,,,,,,,,,,,,,,,,,,,,,,,,,,,,,,,,,,,,
85.0,-0.011734263833999928,0.03662026673555374,0.0006003975868225098,0.490746408700943,0.0,0.00027902867,-0.0006667755,0.99939984,0.002847665,-0.0031052837,-5.25734e-05,-0.00036621094,0.0029981136,0.0027923584,-0.06375105,-0.030720029,-0.006009329,0.031875,0.016994882,1.0,,,,,,,,,,,,,,,,,,,,,,,,,,,,,,,,,,,,,,,,,,,
86.0,-0.011787060980014653,0.03703987970948219,0.0006005764007568359,0.4890879690647125,0.0,0.0002914019,-0.00067964767,0.9993996,0.002969575,-0.0030893218,-5.19106e-05,-0.00017356873,0.0033290386,0.0028879642,0.046028752,0.07959295,0.02278304,0.03225,0.0171947,1.0,,,,,,,,,,,,,,,,,,,,,,,,,,,,,,,,,,,,,,,,,,,
87.0,-0.011840347519604279,0.03745896741747856,0.0006008148193359375,0.4874131679534912,0.0,0.00030433945,-0.00069248595,0.9993994,0.0031050143,-0.0030811902,-5.137104e-05,-0.00043940544,0.0032019615,0.0028619766,-0.06375384,-0.030730873,-0.005997914,0.032625,0.017394513,1.0,,,,,,,,,,,,,,,,,,,,,,,,,,,,,,,,,,,,,,,,,,,
88.0,-0.011894127180131836,0.03787749260663986,0.0006009936332702637,0.48572203516960144,0.0,0.00031781942,-0.0007052451,0.9993992,0.003235191,-0.0030622054,-5.093216e-05,-0.00024676323,0.0035328865,0.0029575825,0.046024106,0.07959191,0.022763956,0.033,0.01759432,1.0,,,,,,,,,,,,,,,,,,,,,,,,,,,,,,,,,,,,,,,,,,,
89.0,-0.011948385691697979,0.03829546272754669,0.0006012320518493652,0.4840148985385895,0.0,0.00033189813,-0.00071795785,0.999399,0.0033788953,-0.0030510502,-5.034221e-05,-0.00051283836,0.003405571,0.0029315948,-0.06375663,-0.030741712,-0.0059864963,0.033375,0.017794127,1.0,,,,,,,,,,,,,,,,,,,,,,,,,,,,,,,,,,,,,,,,,,,
90.0,-0.012003129910420011,0.038712840527296066,0.0006014108657836914,0.48229166865348816,0.0,0.0003465537,-0.00073057885,0.99939877,0.0035173337,-0.003029042,-4.9914895e-05,-0.00032019615,0.0037367344,0.0030272007,0.04601946,0.079590864,0.022744877,0.03375,0.017993925,1.0,,,,,,,,,,,,,,,,,,,,,,,,,,,,,,,,,,,,,,,,,,,
91.0,-0.012058348498761062,0.03912962228059769,0.000601649284362793,0.4805525839328766,0.0,0.00036184242,-0.0007431408,0.9993986,0.0036692976,-0.0030148623,-4.9324404e-05,-0.00058603287,0.0036094189,0.003001213,-0.06375942,-0.030752545,-0.0059750774,0.034125,0.018193722,1.0,,,,,,,,,,,,,,,,,,,,,,,,,,,,,,,,,,,,,,,,,,,
92.0,-0.012114038682218076,0.03954579681158066,0.0006018280982971191,0.4787978529930115,0.0,0.0003777424,-0.0007555984,0.99939835,0.0038159918,-0.00298983,-4.889695e-05,-0.00039339066,0.003940344,0.0030965805,0.046014816,0.07958982,0.022725802,0.0345,0.018393511,1.0,,,,,,,,,,,,,,,,,,,,,,,,,,,,,,,,,,,,,,,,,,,
93.0,-0.012170196873988808,0.03996133804321289,0.0006020069122314453,0.4770274758338928,0.0,0.00039430993,-0.00076798437,0.9993982,0.003976209,-0.0029726254,-4.830867e-05,-0.0006594658,0.0038130283,0.0030708313,-0.063762195,-0.030763375,-0.0059636557,0.034875,0.018593298,1.0,,,,,,,,,,,,,,,,,,,,,,,,,,,,,,,,,,,,,,,,,,,
94.0,-0.012226822629482735,0.040376193821430206,0.0006022453308105469,0.47524160146713257,0.0,0.00041152307,-0.0007802534,0.999398,0.0041311537,-0.0029445686,-4.7880432e-05,-0.00046682358,0.0041439533,0.0031661987,0.04601017,0.07958878,0.02270673,0.03525,0.01879308,1.0,,,,,,,,,,,,,,,,,,,,,,,,,,,,,,,,,,,,,,,,,,,
95.0,-0.012283903898911106,0.04079042375087738,0.000602424144744873,0.4734404683113098,0.0,0.00042943817,-0.00079243816,0.99939775,0.0042996183,-0.0029243384,-4.747847e-05,-0.0007328987,0.004016638,0.003140211,-0.06376497,-0.0307742,-0.005952232,0.035625,0.018992856,1.0,,,,,,,,,,,,,,,,,,,,,,,,,,,,,,,,,,,,,,,,,,,
96.0,-0.012341445875875332,0.04120393469929695,0.0006026029586791992,0.4716240465641022,0.0,0.00044803318,-0.0008044934,0.9993976,0.004462808,-0.0028932563,-4.682226e-05,-0.0005400181,0.004347563,0.0032355785,0.046005525,0.079587735,0.022687662,0.036,0.019192629,1.0,,,,,,,,,,,,,,,,,,,,,,,,,,,,,,,,,,,,,,,,,,,
97.0,-0.012399437484098259,0.04161674156785011,0.0006027817726135254,0.46979257464408875,0.0,0.0004673645,-0.00081645173,0.9993974,0.0046395147,-0.00287,-4.6475994e-05,-0.0008060932,0.0042202473,0.0032098293,-0.06376774,-0.030785019,-0.0059408066,0.036375,0.019392395,1.0,,,,,,,,,,,,,,,,,,,,,,,,,,,,,,,,,,,,,,,,,,,
98.0,-0.012457878851764498,0.04202880337834358,0.000603020191192627,0.4679461717605591,0.0,0.00048741009,-0.00082826795,0.9993972,0.0048109423,-0.0028358921,-4.5990408e-05,-0.000613451,0.0045511723,0.0033049583,0.04600088,0.07958669,0.022668598,0.03675,0.019592158,1.0,,,,,,,,,,,,,,,,,,,,,,,,,,,,,,,,,,,,,,,,,,,
99.0,-0.012516761999453872,0.04244014620780945,0.0006031990051269531,0.46608495712280273,0.0,0.0005082263,-0.0008399746,0.999397,0.004995886,-0.0028096093,-4.5606255e-05,-0.00087952614,0.0044238567,0.0032792091,-0.0637705,-0.030795835,-0.0059293783,0.037125,0.019791916,1.0,,,,,,,,,,,,,,,,,,,,,,,,,,,,,,,,,,,,,,,,,,,
100.0,-0.01257608785657945,0.04285072162747383,0.0006033778190612793,0.46420904994010925,0.0,0.00052979105,-0.0008515266,0.9993968,0.005175547,-0.002772475,-4.4945336e-05,-0.0006868839,0.0047547817,0.0033743382,0.045996234,0.07958565,0.022649538,0.0375,0.019991668,1.0,,,,,,,,,,,,,,,,,,,,,,,,,,,,,,,,,,,,,,,,,,,
101.0,-0.01263585150238242,0.04326050356030464,0.0006035566329956055,0.46231845021247864,0.0,0.0005521607,-0.00086295645,0.9993966,0.005368721,-0.0027431645,-4.4604516e-05,-0.00095295906,0.004627228,0.003348589,-0.06377326,-0.030806644,-0.0059179487,0.037875,0.020191416,1.0,,,,,,,,,,,,,,,,,,,,,,,,,,,,,,,,,,,,,,,,,,,
102.0,-0.012696048768227728,0.04366948455572128,0.0006037354469299316,0.46041345596313477,0.0,0.0005753133,-0.000874219,0.99939644,0.005556609,-0.0027030036,-4.411712e-05,-0.00076031685,0.004958153,0.003443718,0.04599159,0.079584606,0.022630481,0.03825,0.020391157,1.0,,,,,,,,,,,,,,,,,,,,,,,,,,,,,,,,,,,,,,,,,,,
103.0,-0.01275667195122809,0.044077638536691666,0.0006039142608642578,0.4584941565990448,0.0,0.00059930497,-0.00088534673,0.99939626,0.005758008,-0.0026706653,-4.373774e-05,-0.001026392,0.0048308372,0.0034177303,-0.063776016,-0.03081745,-0.0059065167,0.038625,0.020590896,1.0,,,,,,,,,,,,,,,,,,,,,,,,,,,,,,,,,,,,,,,,,,,
104.0,-0.012817721168474022,0.04448496922850609,0.000604093074798584,0.4565607011318207,0.0,0.0006241138,-0.00089629454,0.9993961,0.0059541175,-0.0026274768,-4.3259126e-05,-0.00083351135,0.0051617622,0.0035128593,0.045986943,0.07958356,0.02261143,0.039,0.020790627,1.0,,,,,,,,,,,,,,,,,,,,,,,,,,,,,,,,,,,,,,,,,,,
105.0,-0.012879192419713659,0.04489142820239067,0.0006042718887329102,0.45461305975914,0.0,0.00064979604,-0.00090709503,0.9993959,0.006163736,-0.0025921103,-4.2879852e-05,-0.0010998249,0.0050342083,0.0034871101,-0.063778765,-0.030828249,-0.0058950824,0.039375,0.020990355,1.0,,,,,,,,,,,,,,,,,,,,,,,,,,,,,,,,,,,,,,,,,,,
106.0,-0.012941084617977657,0.0452970415353775,0.0006044507026672363,0.4526514410972595,0.0,0.0006763296,-0.0009177029,0.9993957,0.0063680615,-0.0025458937,-4.240095e-05,-0.0009069443,0.0053651333,0.0035822392,0.045982298,0.07958252,0.02259238,0.03975,0.021190077,1.0,,,,,,,,,,,,,,,,,,,,,,,,,,,,,,,,,,,,,,,,,,,
107.0,-0.013003387843771936,0.0457017607986927,0.0006046295166015625,0.45067599415779114,0.0,0.00070377084,-0.00092815084,0.99939555,0.006585893,-0.002507498,-4.2023912e-05,-0.0011732578,0.0052375793,0.0035562515,-0.06378151,-0.030839045,-0.005883646,0.040125,0.021389794,1.0,,,,,,,,,,,,,,,,,,,,,,,,,,,,,,,,,,,,,,,,,,,
108.0,-0.013066101724195584,0.046105556190013885,0.0006048083305358887,0.4486868679523468,0.0,0.0007320976,-0.0009383935,0.9993954,0.0067984285,-0.0024582527,-4.1544215e-05,-0.0009803772,0.0055685043,0.0036513805,0.045977656,0.07958148,0.022573335,0.0405,0.021589505,1.0,,,,,,,,,,,,,,,,,,,,,,,,,,,,,,,,,,,,,,,,,,,
109.0,-0.013129220013286808,0.04650842398405075,0.0006049871444702148,0.4466841518878937,0.0,0.0007613662,-0.0009484637,0.9993952,0.0070244684,-0.0024168275,-4.1169536e-05,-0.0012466908,0.0054409504,0.003625393,-0.06378425,-0.030849835,-0.0058722077,0.040875,0.02178921,1.0,,,,,,,,,,,,,,,,,,,,,,,,,,,,,,,,,,,,,,,,,,,
110.0,-0.013192746993406775,0.046910353004932404,0.0006051063537597656,0.4446678161621094,0.0,0.00079155463,-0.00095831597,0.999395,0.007245208,-0.002364553,-4.068902e-05,-0.0010540485,0.005771637,0.003720522,0.04597301,0.07958043,0.022554293,0.04125,0.02198891,1.0,,,,,,,,,,,,,,,,,,,,,,,,,,,,,,,,,,,,,,,,,,,
111.0,-0.01325667040595258,0.04731130599975586,0.0006052851676940918,0.4426381289958954,0.0,0.000822719,-0.00096798304,0.9993949,0.00747945,-0.0023200978,-4.03167e-05,-0.0013201237,0.005644083,0.0036945343,-0.06378698,-0.030860621,-0.005860767,0.041625,0.022188606,1.0,,,,,,,,,,,,,,,,,,,,,,,,,,,,,,,,,,,,,,,,,,,
112.0,-0.013320994269696745,0.04771130532026291,0.000605463981628418,0.4405951201915741,0.0,0.00085483724,-0.0009774197,0.9993947,0.007708387,-0.0022647937,-4.0019328e-05,-0.0011274815,0.005975008,0.0037896633,0.045968365,0.07957939,0.022535257,0.042,0.022388294,1.0,,,,,,,,,,,,,,,,,,,,,,,,,,,,,,,,,,,,,,,,,,,
113.0,-0.013385707192004184,0.048110269010066986,0.0006056427955627441,0.43853896856307983,0.0,0.0008879657,-0.0009866585,0.99939454,0.007950826,-0.002217308,-3.9606177e-05,-0.001393795,0.005847454,0.0037636757,-0.06378971,-0.030871402,-0.0058493246,0.042375,0.022587977,1.0,,,,,,,,,,,,,,,,,,,,,,,,,,,,,,,,,,,,,,,,,,,
114.0,-0.013450812423772478,0.04850821569561958,0.0006057620048522949,0.43646976351737976,0.0,0.00092208217,-0.0009956541,0.99939436,0.008187956,-0.0021589734,-3.9134164e-05,-0.0012009144,0.0061781406,0.0038585663,0.04596372,0.07957835,0.022516223,0.04275,0.022787657,1.0,,,,,,,,,,,,,,,,,,,,,,,,,,,,,,,,,,,,,,,,,,,
115.0,-0.013516301507776806,0.04890517145395279,0.0006059408187866211,0.43438759446144104,0.0,0.00095724297,-0.0010044394,0.99939424,0.008438585,-0.0021084563,-3.8764174e-05,-0.0014672279,0.0060505867,0.0038325787,-0.06379244,-0.030882178,-0.0058378796,0.043125,0.022987328,1.0,,,,,,,,,,,,,,,,,,,,,,,,,,,,,,,,,,,,,,,,,,,
116.0,-0.01358217851110409,0.049301035702228546,0.0006061196327209473,0.43229249119758606,0.0,0.0009934258,-0.001012969,0.99939406,0.008683902,-0.002047091,-3.8465725e-05,-0.0012743473,0.0063815117,0.0039274693,0.045959078,0.079577304,0.022497192,0.0435,0.023186995,1.0,,,,,,,,,,,,,,,,,,,,,,,,,,,,,,,,,,,,,,,,,,,
117.0,-0.013648436339148565,0.049695827066898346,0.000606238842010498,0.4301845133304596,0.0,0.0010306872,-0.0010212754,0.9993939,0.008942716,-0.001993542,-3.8057155e-05,-0.0015406609,0.0062537193,0.00390172,-0.06379516,-0.03089295,-0.005826433,0.043875,0.023386655,1.0,,,,,,,,,,,,,,,,,,,,,,,,,,,,,,,,,,,,,,,,,,,
118.0,-0.013715075024506146,0.050089530646800995,0.0006064176559448242,0.42806383967399597,0.0,0.0010690048,-0.0010293135,0.99939376,0.009196215,-0.0019291454,-3.7583537e-05,-0.0013480186,0.0065846443,0.0039966106,0.045954432,0.07957626,0.022478167,0.04425,0.02358631,1.0,,,,,,,,,,,,,,,,,,,,,,,,,,,,,,,,,,,,,,,,,,,
119.0,-0.013782086262713242,0.050482142716646194,0.0006065964698791504,0.42593055963516235,0.0,0.0011084347,-0.0010371158,0.9993936,0.009463207,-0.0018725644,-3.740221e-05,-0.0016143322,0.006456852,0.003970623,-0.06379787,-0.030903718,-0.005814984,0.044625,0.02378596,1.0,,,,,,,,,,,,,,,,,,,,,,,,,,,,,,,,,,,,,,,,,,,
120.0,-0.01384947372797759,0.05087360739707947,0.0006067156791687012,0.4237847328186035,0.0,0.0011489552,-0.0010446373,0.9993934,0.0097248815,-0.0018051356,-3.6874982e-05,-0.0014214516,0.0067875385,0.004065275,0.045949787,0.07957522,0.022459144,0.045,0.023985602,1.0,,,,,,,,,,,,,,,,,,,,,,,,,,,,,,,,,,,,,,,,,,,
121.0,-0.013917228285025295,0.051263947039842606,0.0006068944931030273,0.4216264486312866,0.0,0.001190622,-0.0010519102,0.9993933,0.010000047,-0.0017455217,-3.652444e-05,-0.0016880035,0.0066599846,0.004039526,-0.06380058,-0.030914478,-0.005803533,0.045375,0.02418524,1.0,,,,,,,,,,,,,,,,,,,,,,,,,,,,,,,,,,,,,,,,,,,
122.0,-0.013985351648958172,0.051653094589710236,0.0006070137023925781,0.4194558560848236,0.0,0.0012334132,-0.0010588897,0.9993931,0.010269891,-0.0016750608,-3.622063e-05,-0.0014951229,0.006990671,0.004134178,0.045945145,0.07957417,0.022440126,0.04575,0.024384871,1.0,,,,,,,,,,,,,,,,,,,,,,,,,,,,,,,,,,,,,,,,,,,
123.0,-0.014053835598733822,0.05204109475016594,0.0006071925163269043,0.41727304458618164,0.0,0.001277385,-0.0010656081,0.999393,0.010553224,-0.0016124133,-3.581981e-05,-0.0017614365,0.006862879,0.0041081905,-0.063803285,-0.030925235,-0.00579208,0.046125,0.024584496,1.0,,,,,,,,,,,,,,,,,,,,,,,,,,,,,,,,,,,,,,,,,,,
124.0,-0.014122686558500717,0.05242788791656494,0.0006073117256164551,0.41507795453071594,0.0,0.0013225151,-0.0010720203,0.9993928,0.010831231,-0.0015389195,-3.552753e-05,-0.0015685558,0.0071935654,0.004203081,0.0459405,0.079573125,0.02242111,0.0465,0.024784114,1.0,,,,,,,,,,,,,,,,,,,,,,,,,,,,,,,,,,,,,,,,,,,
125.0,-0.014191895773896873,0.052813440561294556,0.0006074905395507812,0.41287070512771606,0.0,0.0013688598,-0.0010781587,0.9993927,0.011122727,-0.0014732382,-3.5126162e-05,-0.0018351078,0.007065773,0.0041770935,-0.06380599,-0.030935988,-0.005780625,0.046875,0.024983726,1.0,,,,,,,,,,,,,,,,,,,,,,,,,,,,,,,,,,,,,,,,,,,
126.0,-0.014261468328357996,0.053197793662548065,0.000607609748840332,0.4106513261795044,0.0,0.0014163968,-0.0010839783,0.9993925,0.0114088915,-0.0013967108,-3.483375e-05,-0.0016422272,0.007396698,0.0042717457,0.045935858,0.07957208,0.0224021,0.04725,0.025183333,1.0,,,,,,,,,,,,,,,,,,,,,,,,,,,,,,,,,,,,,,,,,,,
127.0,-0.014331396844881248,0.0535808727145195,0.0006077289581298828,0.40841981768608093,0.0,0.0014651824,-0.0010895117,0.9993924,0.011708543,-0.0013279951,-3.4434568e-05,-0.0019087791,0.0072689056,0.004245758,-0.06380869,-0.030946735,-0.0057691676,0.047625,0.025382934,1.0,,,,,,,,,,,,,,,,,,,,,,,,,,,,,,,,,,,,,,,,,,,
128.0,-0.014401680247460968,0.053962696343660355,0.000607907772064209,0.40617647767066956,0.0,0.0015151944,-0.0010947135,0.9993923,0.01200286,-0.0012484337,-3.414138e-05,-0.0017158985,0.007599592,0.00434041,0.045931213,0.07957103,0.022383092,0.048,0.025582528,1.0,,,,,,,,,,,,,,,,,,,,,,,,,,,,,,,,,,,,,,,,,,,
129.0,-0.01447231378274425,0.054343223571777344,0.0006080269813537598,0.4039211869239807,0.0,0.0015664888,-0.0010996163,0.9993921,0.01231066,-0.0011766833,-3.3928496e-05,-0.0019824505,0.0074718,0.0043144226,-0.06381138,-0.030957477,-0.0057577086,0.048375,0.025782114,1.0,,,,,,,,,,,,,,,,,,,,,,,,,,,,,,,,,,,,,,,,,,,
130.0,-0.014543302460408714,0.054722435772418976,0.0006081461906433105,0.4016540050506592,0.0,0.0016190435,-0.001104175,0.999392,0.012613126,-0.0010940869,-3.3407352e-05,-0.0017895699,0.0078024864,0.004409075,0.04592657,0.07956999,0.02236409,0.04875,0.025981696,1.0,,,,,,,,,,,,,,,,,,,,,,,,,,,,,,,,,,,,,,,,,,,
131.0,-0.01461463448166907,0.055100321769714355,0.0006083250045776367,0.39937514066696167,0.0,0.0016729146,-0.0011084221,0.99939185,0.012929069,-0.0010193014,-3.3250137e-05,-0.0020558834,0.0076744556,0.004383087,-0.06381406,-0.030968215,-0.0057462472,0.049125,0.02618127,1.0,,,,,,,,,,,,,,,,,,,,,,,,,,,,,,,,,,,,,,,,,,,
132.0,-0.014686316411718007,0.05547689273953438,0.0006084442138671875,0.3970845341682434,0.0,0.0017280799,-0.0011123124,0.9993917,0.013239674,-0.0009336702,-3.289962e-05,-0.0018632412,0.008005142,0.0044777393,0.045921925,0.079568945,0.02234509,0.0495,0.026380837,1.0,,,,,,,,,,,,,,,,,,,,,,,,,,,,,,,,,,,,,,,,,,,
133.0,-0.014758341918008516,0.05585207790136337,0.0006085634231567383,0.3947822153568268,0.0,0.0017845955,-0.0011158785,0.99939156,0.013563758,-0.00085584825,-3.2520547e-05,-0.0021295547,0.00787735,0.0044517517,-0.06381674,-0.030978948,-0.0057347836,0.049875,0.026580399,1.0,,,,,,,,,,,,,,,,,,,,,,,,,,,,,,,,,,,,,,,,,,,
134.0,-0.01483071531134975,0.05622590705752373,0.0006087064975872636,0.39246824383735657,0.0,0.0018424393,-0.001119075,0.99939144,0.013882497,-0.0007671817,-3.2221844e-05,-0.0019369125,0.008208036,0.004546404,0.045917284,0.079567894,0.022326093,0.05025,0.026779953,1.0,,,,,,,,,,,,,,,,,,,,,,,,,,,,,,,,,,,,,,,,,,,
135.0,-0.014903428549217506,0.05659831315279007,0.0006088614463806152,0.39014264941215515,0.0,0.0019016673,-0.0011219347,0.9993913,0.014214712,-0.0006863236,-3.201672e-05,-0.0022034645,0.008080006,0.0045204163,-0.063819416,-0.030989675,-0.005723318,0.050625,0.026979502,1.0,,,,,,,,,,,,,,,,,,,,,,,,,,,,,,,,,,,,,,,,,,,
136.0,-0.014976484773145504,0.056969307363033295,0.000608980655670166,0.3878055512905121,0.0,0.001962257,-0.0011244123,0.99939114,0.01454158,-0.00059462094,-3.1676922e-05,-0.0020105839,0.008410692,0.00461483,0.045912642,0.07956685,0.022307102,0.051,0.027179042,1.0,,,,,,,,,,,,,,,,,,,,,,,,,,,,,,,,,,,,,,,,,,,
137.0,-0.015049976663188556,0.0573388934135437,0.0006090998649597168,0.38545674085617065,0.0,0.0020242652,-0.0011265404,0.999391,0.014881923,-0.0005107256,-3.1299645e-05,-0.0022771358,0.008282661,0.0045888424,-0.06382209,-0.031000398,-0.0057118502,0.051375,0.027378578,1.0,,,,,,,,,,,,,,,,,,,,,,,,,,,,,,,,,,,,,,,,,,,
138.0,-0.015123806486355371,0.05770701915025711,0.0006092190742492676,0.3830965757369995,0.0,0.002087669,-0.0011282736,0.9993909,0.015216915,-0.0004159865,-3.099999e-05,-0.0021471977,0.008613348,0.004683256,0.03077234,0.079496354,0.022413483,0.05175,0.027578104,1.0,,,,,,,,,,,,,,,,,,,,,,,,,,,,,,,,,,,,,,,,,,,
139.0,-0.01519797248817591,0.05807366967201233,0.0006093382835388184,0.3807249069213867,0.0,0.0021525247,-0.0011296339,0.9993908,0.015565365,-0.00032647612,-3.0804855e-05,-0.0024769306,0.008485317,0.0046572685,-0.07895685,-0.03108355,-0.005568067,0.052125,0.027777625,1.0,,,,,,,,,,,,,,,,,,,,,,,,,,,,,,,,,,,,,,,,,,,
140.0,-0.015272477886113179,0.05843880772590637,0.0006094813579693437,0.37834182381629944,0.0,0.00221881,-0.0011305653,0.99939066,0.01590845,-0.00022354505,-3.0469164e-05,-0.0023469925,0.008816004,0.0047516823,0.030774731,0.07949643,0.022387547,0.0525,0.027977139,1.0,,,,,,,,,,,,,,,,,,,,,,,,,,,,,,,,,,,,,,,,,,,
141.0,-0.015347316719652676,0.058802466839551926,0.0006096363067626953,0.37594732642173767,0.0,0.0022865806,-0.0011310896,0.99939054,0.01626499,-0.00012584425,-3.0284164e-05,-0.0026767254,0.008687973,0.0047256947,-0.07895234,-0.031096779,-0.005549667,0.052875,0.028176645,1.0,,,,,,,,,,,,,,,,,,,,,,,,,,,,,,,,,,,,,,,,,,,
142.0,-0.015422497931594309,0.059164561331272125,0.0006097555160522461,0.37354129552841187,0.0,0.0023558147,-0.0011311511,0.99939036,0.016616162,-1.47253695e-05,-2.9947714e-05,-0.0025467873,0.00901866,0.0048201084,0.030777115,0.0794965,0.02236162,0.05325,0.028376145,1.0,,,,,,,,,,,,,,,,,,,,,,,,,,,,,,,,,,,,,,,,,,,
143.0,-0.015498011702367212,0.05952512100338936,0.0006098747253417969,0.3711238503456116,0.0,0.002426568,-0.0011307712,0.99939024,0.016980788,9.116225e-05,-2.9580606e-05,-0.0028765202,0.008890629,0.004794121,-0.07894783,-0.031109998,-0.0055312677,0.053625,0.028575638,1.0,,,,,,,,,,,,,,,,,,,,,,,,,,,,,,,,,,,,,,,,,,,
144.0,-0.01557386740946808,0.05988406389951706,0.0006099939346313477,0.36869487166404724,0.0,0.002498818,-0.0011298943,0.9993901,0.017340038,0.00021046467,-2.9288523e-05,-0.002746582,0.009221315,0.004888296,0.030779498,0.07949658,0.022335697,0.054,0.028775124,1.0,,,,,,,,,,,,,,,,,,,,,,,,,,,,,,,,,,,,,,,,,,,
145.0,-0.015650051695138525,0.0602414496243,0.0006101131439208984,0.36625462770462036,0.0,0.0025726212,-0.001128542,0.99939,0.01771274,0.00032453408,-2.9096625e-05,-0.0030760765,0.009093285,0.0048623085,-0.07894332,-0.031123206,-0.00551287,0.054375,0.028974602,1.0,,,,,,,,,,,,,,,,,,,,,,,,,,,,,,,,,,,,,,,,,,,
146.0,-0.0157265780304765,0.06059719994664192,0.0006102323532104492,0.36380282044410706,0.0,0.0026479547,-0.0011266586,0.9993899,0.018080067,0.0004520162,-2.8765033e-05,-0.0029463768,0.009423733,0.004956484,0.030781874,0.079496644,0.022309778,0.05475,0.029174073,1.0,,,,,,,,,,,,,,,,,,,,,,,,,,,,,,,,,,,,,,,,,,,
147.0,-0.01580343525372248,0.06095128133893013,0.0006103515625,0.36133965849876404,0.0,0.002724875,-0.0011242658,0.99938977,0.01846084,0.0005742637,-2.8584082e-05,-0.0032758713,0.009295702,0.004930496,-0.0789388,-0.031136403,-0.005494473,0.055125,0.029373536,1.0,,,,,,,,,,,,,,,,,,,,,,,,,,,,,,,,,,,,,,,,,,,
148.0,-0.015880630118143196,0.0613037534058094,0.0006104707717895508,0.35886508226394653,0.0,0.0028033594,-0.0011213078,0.99938965,0.018836232,0.00070992124,-2.8251536e-05,-0.0031459332,0.00962615,0.005024433,0.030784246,0.07949671,0.022283867,0.0555,0.029572992,1.0,,,,,,,,,,,,,,,,,,,,,,,,,,,,,,,,,,,,,,,,,,,
149.0,-0.015958159309177072,0.06165448948740959,0.0006105899810791016,0.3563790023326874,0.0,0.0028834639,-0.0011178064,0.9993895,0.01922507,0.00084034266,-2.8072476e-05,-0.0034754276,0.009498119,0.0049984455,-0.07893428,-0.031149592,-0.005476077,0.055875,0.029772442,1.0,,,,,,,,,,,,,,,,,,,,,,,,,,,,,,,,,,,,,,,,,,,
150.0,-0.016036025888581776,0.06200356036424637,0.0006106734508648515,0.35388150811195374,0.0,0.002965166,-0.0011137057,0.9993894,0.019608522,0.0009841715,-2.7741102e-05,-0.0033454895,0.009828806,0.005092621,0.030786613,0.07949677,0.022257963,0.05625,0.029971883,1.0,,,,,,,,,,,,,,,,,,,,,,,,,,,,,,,,,,,,,,,,,,,
151.0,-0.016114224666290214,0.06235089153051376,0.0006107926601544023,0.3513725697994232,0.0,0.003048522,-0.0011090275,0.99938935,0.020005418,0.0011227628,-2.7563436e-05,-0.003674984,0.009700537,0.005066633,-0.07892976,-0.03116277,-0.005457683,0.056625,0.030171316,1.0,,,,,,,,,,,,,,,,,,,,,,,,,,,,,,,,,,,,,,,,,,,
152.0,-0.016192760642381846,0.06269648671150208,0.0006108880043029785,0.3488522171974182,0.0,0.003133509,-0.0011037161,0.99938923,0.020396924,0.0012747581,-2.7417303e-05,-0.0035450459,0.010031223,0.00516057,0.030788975,0.07949683,0.022232063,0.057,0.030370744,1.0,,,,,,,,,,,,,,,,,,,,,,,,,,,,,,,,,,,,,,,,,,,
153.0,-0.016271632187657648,0.06304030865430832,0.0006110072135925293,0.3463203012943268,0.0,0.0032201835,-0.0010977931,0.9993891,0.020801872,0.0014215154,-2.7197826e-05,-0.0038745403,0.009902954,0.0051345825,-0.07892523,-0.031175938,-0.0054392894,0.057375,0.030570162,1.0,,,,,,,,,,,,,,,,,,,,,,,,,,,,,,,,,,,,,,,,,,,
154.0,-0.01635084515552276,0.06338232755661011,0.0006111264228820801,0.3437768220901489,0.0,0.0033085227,-0.0010912027,0.999389,0.021201426,0.0015816743,-2.6879165e-05,-0.0037446022,0.010233402,0.005228281,0.030791333,0.07949688,0.022206169,0.05775,0.030769574,1.0,,,,,,,,,,,,,,,,,,,,,,,,,,,,,,,,,,,,,,,,,,,
155.0,-0.01643039132202733,0.06372256577014923,0.0006112456321716309,0.3412218391895294,0.0,0.0033985828,-0.0010839669,0.9993889,0.02161442,0.0017365929,-2.6701848e-05,-0.0040740967,0.010105133,0.005202532,-0.0789207,-0.031189095,-0.005420897,0.058125,0.030968977,1.0,,,,,,,,,,,,,,,,,,,,,,,,,,,,,,,,,,,,,,,,,,,
156.0,-0.016510276215129686,0.06406096369028091,0.0006113648414611816,0.33865535259246826,0.0,0.0034903414,-0.0010760298,0.99938875,0.022022014,0.0019049108,-2.6374906e-05,-0.0039441586,0.01043582,0.0052962303,0.030793685,0.079496935,0.022180282,0.0585,0.031168373,1.0,,,,,,,,,,,,,,,,,,,,,,,,,,,,,,,,,,,,,,,,,,,
157.0,-0.01659049865438605,0.06439749896526337,0.0006114601856097579,0.3360772132873535,0.0,0.0035838538,-0.0010674132,0.99938864,0.022443045,0.0020679866,-2.6201194e-05,-0.004273653,0.01030755,0.0052702427,-0.07891617,-0.031202244,-0.005402506,0.058875,0.03136776,1.0,,,,,,,,,,,,,,,,,,,,,,,,,,,,,,,,,,,,,,,,,,,
158.0,-0.01667106257267714,0.06473216414451599,0.0006115675205364823,0.33348748087882996,0.0,0.0036790983,-0.0010580613,0.9993885,0.022858676,0.0022444592,-2.5875017e-05,-0.0041434765,0.010637999,0.005363941,0.030796032,0.07949699,0.022154398,0.05925,0.03156714,1.0,,,,,,,,,,,,,,,,,,,,,,,,,,,,,,,,,,,,,,,,,,,
159.0,-0.016751963276594693,0.06506495922803879,0.0006116628646850586,0.3308860957622528,0.0,0.0037761307,-0.001047996,0.99938846,0.02328774,0.0024156885,-2.5702793e-05,-0.004472971,0.010509729,0.0053379536,-0.07891163,-0.03121538,-0.005384116,0.059625,0.03176651,1.0,,,,,,,,,,,,,,,,,,,,,,,,,,,,,,,,,,,,,,,,,,,
160.0,-0.016833209562034494,0.06539581716060638,0.0006117820739746094,0.3282729685306549,0.0,0.0038749282,-0.0010371613,0.99938834,0.023711396,0.0026003108,-2.5561829e-05,-0.0043427944,0.010840416,0.005431652,0.030798377,0.07949703,0.022128522,0.06,0.031965878,1.0,,,,,,,,,,,,,,,,,,,,,,,,,,,,,,,,,,,,,,,,,,,
161.0,-0.016914792987382753,0.06572478264570236,0.0006119012832641602,0.3256481885910034,0.0,0.003975547,-0.0010255793,0.9993882,0.024148485,0.0027796892,-2.5347797e-05,-0.004672289,0.010711908,0.0054056644,-0.078907095,-0.031228509,-0.0053657275,0.060375,0.032165233,1.0,,,,,,,,,,,,,,,,,,,,,,,,,,,,,,,,,,,,,,,,,,,
162.0,-0.016996724020998357,0.06605174392461777,0.0006119847530499101,0.3230115473270416,0.0,0.004077964,-0.001013194,0.9993881,0.024580164,0.0029724585,-2.5034302e-05,-0.004542351,0.011042595,0.0054991245,0.030800715,0.07949708,0.022102652,0.06075,0.03236458,1.0,,,,,,,,,,,,,,,,,,,,,,,,,,,,,,,,,,,,,,,,,,,
163.0,-0.017078996943901872,0.06637676060199738,0.0006120800971984863,0.3203631043434143,0.0,0.0041822363,-0.0010000274,0.99938804,0.02502527,0.0031599815,-2.4862426e-05,-0.0048718452,0.010914087,0.0054733753,-0.07890255,-0.031241627,-0.00534734,0.061125,0.03256392,1.0,,,,,,,,,,,,,,,,,,,,,,,,,,,,,,,,,,,,,,,,,,,
164.0,-0.017161618385312685,0.06669975817203522,0.0006121993064880371,0.3177027702331543,0.0,0.00428834,-0.0009860237,0.9993879,0.025464965,0.0033608922,-2.4724597e-05,-0.0047416687,0.011244774,0.0055668354,0.030803049,0.079497114,0.022076787,0.0615,0.032763254,1.0,,,,,,,,,,,,,,,,,,,,,,,,,,,,,,,,,,,,,,,,,,,
165.0,-0.017244580788694435,0.06702075898647308,0.000612282776273787,0.31503060460090637,0.0,0.004396332,-0.0009712048,0.9993878,0.025918083,0.0035565558,-2.4513154e-05,-0.005071163,0.011116266,0.005540848,-0.078898005,-0.031254735,-0.0053289533,0.061875,0.03296258,1.0,,,,,,,,,,,,,,,,,,,,,,,,,,,,,,,,,,,,,,,,,,,
166.0,-0.01732789618456651,0.0673397034406662,0.0006123781204223633,0.3123464286327362,0.0,0.00450619,-0.0009555147,0.99938774,0.026365787,0.0037656054,-2.4202267e-05,-0.004940748,0.011446714,0.005634308,0.03080538,0.07949715,0.022050928,0.06225,0.033161893,1.0,,,,,,,,,,,,,,,,,,,,,,,,,,,,,,,,,,,,,,,,,,,
167.0,-0.01741155712057111,0.06765662133693695,0.0006124973297119141,0.3096502721309662,0.0,0.0046179686,-0.00093897554,0.9993876,0.026826909,0.0039694044,-2.4217048e-05,-0.0052702427,0.011318445,0.0056083202,-0.07889346,-0.031267833,-0.005310568,0.062625,0.0333612,1.0,,,,,,,,,,,,,,,,,,,,,,,,,,,,,,,,,,,,,,,,,,,
168.0,-0.017495571329873467,0.06797142326831818,0.0006125926738604903,0.30694204568862915,0.0,0.004731646,-0.0009215314,0.9993875,0.027282614,0.004186588,-2.3854678e-05,-0.005140066,0.011648893,0.005701542,0.030807704,0.07949719,0.022025075,0.063,0.0335605,1.0,,,,,,,,,,,,,,,,,,,,,,,,,,,,,,,,,,,,,,,,,,,
169.0,-0.01757993665776096,0.06828413158655167,0.0006126761436462402,0.30422163009643555,0.0,0.0048472784,-0.00090320426,0.9993874,0.027751738,0.0043985196,-2.369925e-05,-0.0054695606,0.011520386,0.0056757927,-0.07888891,-0.03128092,-0.0052921837,0.063375,0.03375979,1.0,,,,,,,,,,,,,,,,,,,,,,,,,,,,,,,,,,,,,,,,,,,
170.0,-0.01766466010022661,0.06859473139047623,0.000612795352935791,0.3014890253543854,0.0,0.0049648425,-0.0008839383,0.9993873,0.028215438,0.004623832,-2.337843e-05,-0.0053391457,0.011850834,0.0057690144,0.030810023,0.07949722,0.021999227,0.06375,0.033959072,1.0,,,,,,,,,,,,,,,,,,,,,,,,,,,,,,,,,,,,,,,,,,,
171.0,-0.01774973389076732,0.06890317797660828,0.0006128788227215409,0.29874423146247864,0.0,0.005084395,-0.0008637554,0.9993872,0.028692551,0.0048438916,-2.3398858e-05,-0.00566864,0.011722326,0.0057430267,-0.078884356,-0.031294,-0.005273801,0.064125,0.034158345,1.0,,,,,,,,,,,,,,,,,,,,,,,,,,,,,,,,,,,,,,,,,,,
172.0,-0.01783516695046164,0.06920947879552841,0.0006129741668701172,0.29598715901374817,0.0,0.0052059125,-0.0008425999,0.99938715,0.02916424,0.0050773295,-2.3038372e-05,-0.0055384636,0.012052774,0.0058362484,0.030812338,0.07949724,0.021973386,0.0645,0.03435761,1.0,,,,,,,,,,,,,,,,,,,,,,,,,,,,,,,,,,,,,,,,,,,
173.0,-0.017920956292214896,0.06951357424259186,0.0006130695110186934,0.2932177186012268,0.0,0.0053294515,-0.00082049356,0.999387,0.02964934,0.0053055123,-2.3069766e-05,-0.0058677197,0.011924267,0.005810261,-0.078879796,-0.031307064,-0.005255419,0.064875,0.03455687,1.0,,,,,,,,,,,,,,,,,,,,,,,,,,,,,,,,,,,,,,,,,,,
174.0,-0.018007108583898628,0.0698154866695404,0.0006131768459454179,0.2904358506202698,0.0,0.005454989,-0.00079738075,0.9993869,0.03012901,0.0055470713,-2.270831e-05,-0.005737543,0.012254715,0.005903244,0.03081465,0.07949726,0.02194755,0.06525,0.034756117,1.0,,,,,,,,,,,,,,,,,,,,,,,,,,,,,,,,,,,,,,,,,,,
175.0,-0.0180936191126041,0.07011514902114868,0.0006132483249530196,0.2876415252685547,0.0,0.005582581,-0.00077328336,0.99938685,0.030622091,0.005783374,-2.255764e-05,-0.0060670376,0.012126207,0.005877495,-0.078875236,-0.031320125,-0.0052370382,0.065625,0.034955356,1.0,,,,,,,,,,,,,,,,,,,,,,,,,,,,,,,,,,,,,,,,,,,
176.0,-0.018180494088210226,0.07041259855031967,0.000613355659879744,0.28483471274375916,0.0,0.005712205,-0.0007481457,0.9993867,0.031109734,0.0060330485,-2.242446e-05,-0.0059366226,0.0124566555,0.005970478,0.030816955,0.079497285,0.02192172,0.066,0.035154585,1.0,,,,,,,,,,,,,,,,,,,,,,,,,,,,,,,,,,,,,,,,,,,
177.0,-0.01826773232837189,0.07070775330066681,0.0006134271388873458,0.28201526403427124,0.0,0.0058439164,-0.00072198955,0.99938667,0.031610787,0.0062774667,-2.2221875e-05,-0.0062658787,0.012328148,0.005944729,-0.07887067,-0.03133317,-0.0052186586,0.066375,0.03535381,1.0,,,,,,,,,,,,,,,,,,,,,,,,,,,,,,,,,,,,,,,,,,,
178.0,-0.018355341080273396,0.07100063562393188,0.0006135344738140702,0.27918314933776855,0.0,0.005977693,-0.00069475936,0.99938655,0.032106396,0.0065352535,-2.2102478e-05,-0.0061354637,0.012658596,0.0060374737,0.030819256,0.07949731,0.021895895,0.06675,0.03555302,1.0,,,,,,,,,,,,,,,,,,,,,,,,,,,,,,,,,,,,,,,,,,,
179.0,-0.018443317019703302,0.07129119336605072,0.000613605952821672,0.27633821964263916,0.0,0.0061135907,-0.0006664769,0.9993865,0.032615416,0.0067877825,-2.1898311e-05,-0.006464958,0.012530088,0.0060117245,-0.0788661,-0.03134621,-0.0052002803,0.067125,0.035752226,1.0,,,,,,,,,,,,,,,,,,,,,,,,,,,,,,,,,,,,,,,,,,,
180.0,-0.018531681313619527,0.07157941907644272,0.0006137132877483964,0.2734803855419159,0.0,0.0062515866,-0.0006370866,0.99938637,0.03311899,0.007053677,-2.1780888e-05,-0.006334543,0.012860537,0.0061044693,0.030821553,0.079497315,0.021870077,0.0675,0.03595142,1.0,,,,,,,,,,,,,,,,,,,,,,,,,,,,,,,,,,,,,,,,,,,
181.0,-0.018620421804455986,0.07186533510684967,0.0006137847667559981,0.2706097960472107,0.0,0.006391736,-0.00060661027,0.9993863,0.033635966,0.007314313,-2.1577913e-05,-0.0066640377,0.012731791,0.00607872,-0.078861535,-0.031359237,-0.0051819035,0.067875,0.036150604,1.0,,,,,,,,,,,,,,,,,,,,,,,,,,,,,,,,,,,,,,,,,,,
182.0,-0.018709544784443158,0.07214885950088501,0.0006138921016827226,0.2677261531352997,0.0,0.0065340176,-0.00057499233,0.9993862,0.034147494,0.007588311,-2.1461807e-05,-0.0065333843,0.013062239,0.006171465,0.030823845,0.07949733,0.021844264,0.06825,0.036349785,1.0,,,,,,,,,,,,,,,,,,,,,,,,,,,,,,,,,,,,,,,,,,,
183.0,-0.018799043068526988,0.07242996245622635,0.0006139635806903243,0.26482945680618286,0.0,0.0066784862,-0.0005422546,0.99938613,0.03467242,0.007857049,-2.1260177e-05,-0.006862879,0.012933493,0.0061454773,-0.07885696,-0.031372253,-0.0051635276,0.068625,0.03654895,1.0,,,,,,,,,,,,,,,,,,,,,,,,,,,,,,,,,,,,,,,,,,,
184.0,-0.018888923742985796,0.07270868867635727,0.0006140709156170487,0.26191967725753784,0.0,0.006825119,-0.00050834153,0.999386,0.035191897,0.0081391465,-2.114535e-05,-0.006732464,0.013263941,0.006238222,0.030826133,0.07949734,0.021818457,0.069,0.03674811,1.0,,,,,,,,,,,,,,,,,,,,,,,,,,,,,,,,,,,,,,,,,,,
185.0,-0.018979183697210644,0.072984978556633,0.0006141423946246505,0.25899672508239746,0.0,0.006973972,-0.0004732749,0.99938595,0.03572477,0.008415982,-2.0945074e-05,-0.00706172,0.013135195,0.006212473,-0.078852385,-0.03138526,-0.0051451526,0.069375,0.036947258,1.0,,,,,,,,,,,,,,,,,,,,,,,,,,,,,,,,,,,,,,,,,,,
186.0,-0.01906983043656257,0.07325878739356995,0.0006142497295513749,0.25606054067611694,0.0,0.007125023,-0.0004369992,0.99938583,0.03625219,0.008706175,-2.0831527e-05,-0.006931305,0.013465643,0.0063049793,0.030828414,0.079497345,0.021792656,0.06975,0.0371464,1.0,,,,,,,,,,,,,,,,,,,,,,,,,,,,,,,,,,,,,,,,,,,
187.0,-0.01916086091455188,0.0735301524400711,0.0006143212085589767,0.25311100482940674,0.0,0.007278327,-0.00039953625,0.9993858,0.036793,0.008991105,-2.0632599e-05,-0.007260561,0.013336897,0.00627923,-0.0788478,-0.03139826,-0.005126779,0.070125,0.03734553,1.0,,,,,,,,,,,,,,,,,,,,,,,,,,,,,,,,,,,,,,,,,,,
188.0,-0.019252281473909453,0.0737989991903305,0.0006144046783447266,0.25014811754226685,0.0,0.007433862,-0.00036083048,0.99938565,0.03732835,0.009289388,-2.052033e-05,-0.007130146,0.013667345,0.006371498,0.030830692,0.079497345,0.021766862,0.0705,0.037544653,1.0,,,,,,,,,,,,,,,,,,,,,,,,,,,,,,,,,,,,,,,,,,,
189.0,-0.019344091290580366,0.07406537234783173,0.0006144881481304765,0.24717170000076294,0.0,0.007591683,-0.00032090378,0.9993856,0.037877098,0.009582406,-2.0322754e-05,-0.007459402,0.013538599,0.006345749,-0.07884322,-0.031411245,-0.005108407,0.070875,0.037743766,1.0,,,,,,,,,,,,,,,,,,,,,,,,,,,,,,,,,,,,,,,,,,,
190.0,-0.019436293088959188,0.07432916015386581,0.0006145596271380782,0.24418184161186218,0.0,0.007751768,-0.00027970056,0.99938554,0.038420375,0.009888776,-2.0211764e-05,-0.0073287487,0.013869047,0.0064382553,0.030832965,0.07949734,0.021741072,0.07125,0.037942868,1.0,,,,,,,,,,,,,,,,,,,,,,,,,,,,,,,,,,,,,,,,,,,
191.0,-0.019528886986435297,0.07459040731191635,0.0006146430969238281,0.24117833375930786,0.0,0.0079141725,-0.00023724273,0.9993854,0.03897704,0.010189877,-2.0199477e-05,-0.007658243,0.013740063,0.006412506,-0.07883863,-0.031424224,-0.0050900355,0.071625,0.038141962,1.0,,,,,,,,,,,,,,,,,,,,,,,,,,,,,,,,,,,,,,,,,,,
192.0,-0.019621883788274178,0.07484908401966095,0.0006147384410724044,0.23816104233264923,0.0,0.008078873,-0.00019347468,0.99938536,0.039528243,0.01050433,-1.9862664e-05,-0.00752759,0.014070511,0.006504774,0.030835234,0.07949734,0.021715287,0.072,0.038341045,1.0,,,,,,,,,,,,,,,,,,,,,,,,,,,,,,,,,,,,,,,,,,,
193.0,-0.019715273331664947,0.07510517537593842,0.0006148219108581543,0.23513005673885345,0.0,0.008245927,-0.00014841839,0.99938524,0.04009283,0.010813511,-1.990501e-05,-0.007856846,0.013941765,0.006479025,-0.07883404,-0.031437192,-0.0050716656,0.072375,0.038540117,1.0,,,,,,,,,,,,,,,,,,,,,,,,,,,,,,,,,,,,,,,,,,,
194.0,-0.019809065934179845,0.07535861432552338,0.0006149053806439042,0.23208525776863098,0.0,0.00841531,-0.00010201822,0.9993852,0.040651944,0.011136042,-1.9556974e-05,-0.0077261925,0.014271975,0.006571293,0.030837499,0.07949733,0.02168951,0.07275,0.038739182,1.0,,,,,,,,,,,,,,,,,,,,,,,,,,,,,,,,,,,,,,,,,,,
195.0,-0.019903257148446565,0.07560944557189941,0.000614976859651506,0.22902658581733704,0.0,0.008587078,-5.4296135e-05,0.9993851,0.04122444,0.011453299,-1.9603596e-05,-0.008055687,0.0141432285,0.0065455437,-0.07882945,-0.03145015,-0.0050532967,0.073125,0.03893824,1.0,,,,,,,,,,,,,,,,,,,,,,,,,,,,,,,,,,,,,,,,,,,
196.0,-0.019997855914119983,0.07585759460926056,0.0006150603294372559,0.22595393657684326,0.0,0.008761209,-5.196548e-06,0.999385,0.04179146,0.011783902,-1.944009e-05,-0.007924795,0.014473677,0.0066375732,0.030839758,0.079497315,0.021663738,0.0735,0.039137285,1.0,,,,,,,,,,,,,,,,,,,,,,,,,,,,,,,,,,,,,,,,,,,
197.0,-0.02009285626861396,0.07610306888818741,0.0006151199340820312,0.22286726534366608,0.0,0.008937759,4.5258585e-05,0.99938494,0.042371865,0.012109231,-1.9261124e-05,-0.00825429,0.014344692,0.006611824,-0.078824855,-0.031463098,-0.005034929,0.073875,0.03933632,1.0,,,,,,,,,,,,,,,,,,,,,,,,,,,,,,,,,,,,,,,,,,,
198.0,-0.02018827031025349,0.07634584605693817,0.0006152152782306075,0.21976642310619354,0.0,0.009116704,9.7124845e-05,0.9993849,0.042946782,0.012447902,-1.9152136e-05,-0.008123398,0.01467514,0.0067038536,0.030842012,0.0794973,0.02163797,0.07425,0.039535344,1.0,,,,,,,,,,,,,,,,,,,,,,,,,,,,,,,,,,,,,,,,,,,
199.0,-0.020284092547350082,0.07658590376377106,0.0006152987480163574,0.21665135025978088,0.0,0.0092981,0.00015038025,0.99938476,0.04353508,0.012781298,-1.9145964e-05,-0.008452892,0.014546156,0.006678343,-0.07882026,-0.031476036,-0.0050165625,0.074625,0.03973436,1.0,,,,,,,,,,,,,,,,,,,,,,,,,,,,,,,,,,,,,,,,,,,
200.0,-0.020380329394423115,0.07682321220636368,0.0006153583526611328,0.2135220468044281,0.0,0.009481925,0.00020508039,0.9993847,0.044117898,0.013128034,-1.8814086e-05,-0.0083220005,0.014876366,0.006770134,0.030844262,0.079497285,0.02161221,0.075,0.039933365,1.0,,,,,,,,,,,,,,,,,,,,,,,,,,,,,,,,,,,,,,,,,,,
201.0,-0.020476976865002938,0.07705774158239365,0.0006154536968097091,0.21037842333316803,0.0,0.009668233,0.00026120327,0.99938464,0.044714086,0.013469491,-1.8861849e-05,-0.008651495,0.014747381,0.006744623,-0.078815654,-0.031488962,-0.0049981973,0.075375,0.040132362,1.0,,,,,,,,,,,,,,,,,,,,,,,,,,,,,,,,,,,,,,,,,,,
202.0,-0.020574044272596247,0.07728953659534454,0.000615537166595459,0.20722037553787231,0.0,0.009857004,0.00031880446,0.9993845,0.045304783,0.013824286,-1.8702847e-05,-0.008520603,0.015077829,0.0068364143,0.030846506,0.07949726,0.021586455,0.07575,0.04033135,1.0,,,,,,,,,,,,,,,,,,,,,,,,,,,,,,,,,,,,,,,,,,,
203.0,-0.02067152609293402,0.07751846313476562,0.0006155967712402344,0.20404787361621857,0.0,0.01004829,0.000377862,0.99938446,0.045908857,0.014173804,-1.8527757e-05,-0.008849859,0.014948845,0.006810665,-0.07881105,-0.03150188,-0.0049798335,0.076125,0.040530324,1.0,,,,,,,,,,,,,,,,,,,,,,,,,,,,,,,,,,,,,,,,,,,
204.0,-0.02076943100233962,0.07774461060762405,0.000615668308455497,0.20086084306240082,0.0,0.010242071,0.00043843137,0.9993844,0.046507437,0.014536652,-1.8422623e-05,-0.008718967,0.015279055,0.0069024563,0.030848747,0.07949724,0.021560706,0.0765,0.040729288,1.0,,,,,,,,,,,,,,,,,,,,,,,,,,,,,,,,,,,,,,,,,,,
205.0,-0.020867751030530627,0.07796790450811386,0.0006157279131002724,0.19765931367874146,0.0,0.010438402,0.0005004906,0.9993843,0.047119383,0.014894222,-1.8420476e-05,-0.009048462,0.01515007,0.0068769455,-0.078806445,-0.03151479,-0.0049614706,0.076875,0.040928245,1.0,,,,,,,,,,,,,,,,,,,,,,,,,,,,,,,,,,,,,,,,,,,
206.0,-0.020966496482338785,0.07818831503391266,0.0006158351898193359,0.19444315135478973,0.0,0.010637259,0.0005640953,0.9993842,0.047725838,0.015265123,-1.809242e-05,-0.00891757,0.015480518,0.006968498,0.030850984,0.07949721,0.021534963,0.07725,0.04112719,1.0,,,,,,,,,,,,,,,,,,,,,,,,,,,,,,,,,,,,,,,,,,,
207.0,-0.021065664465456276,0.07840587198734283,0.0006158947944641113,0.1912122517824173,0.0,0.0108386995,0.00062922336,0.99938416,0.048345655,0.01563074,-1.814421e-05,-0.009246826,0.0153512955,0.0069429874,-0.07880183,-0.031527687,-0.0049431087,0.077625,0.041326124,1.0,,,,,,,,,,,,,,,,,,,,,,,,,,,,,,,,,,,,,,,,,,,
208.0,-0.021165262390984135,0.07862047851085663,0.000615966331679374,0.18796657025814056,0.0,0.011042699,0.0006959304,0.9993841,0.04895997,0.016009687,-1.7989025e-05,-0.009115934,0.015681744,0.00703454,0.030853216,0.07949718,0.021509226,0.078,0.04152505,1.0,,,,,,,,,,,,,,,,,,,,,,,,,,,,,,,,,,,,,,,,,,,
209.0,-0.021265282122367557,0.07883220911026001,0.000616049743257463,0.18470615148544312,0.0,0.011249315,0.00076419435,0.999384,0.04958765,0.016383348,-1.8001898e-05,-0.00944519,0.015552521,0.007008791,-0.07879722,-0.031540576,-0.0049247486,0.078375,0.041723963,1.0,,,,,,,,,,,,,,,,,,,,,,,,,,,,,,,,,,,,,,,,,,,
210.0,-0.02136573540151568,0.07904095202684402,0.0006161093479022384,0.18143081665039062,0.0,0.011458523,0.0008340708,0.9993839,0.050209828,0.016770337,-1.7673494e-05,-0.009314299,0.015882969,0.007100582,0.030855441,0.07949715,0.021483494,0.07875,0.041922867,1.0,,,,,,,,,,,,,,,,,,,,,,,,,,,,,,,,,,,,,,,,,,,
211.0,-0.021466615411322578,0.07924673706293106,0.0006161928176879883,0.1781405806541443,0.0,0.011670378,0.00090553757,0.99938387,0.05084536,0.01715204,-1.7728638e-05,-0.009643555,0.015753746,0.007074833,-0.0787926,-0.031553455,-0.0049063894,0.079125,0.04212176,1.0,,,,,,,,,,,,,,,,,,,,,,,,,,,,,,,,,,,,,,,,,,,
212.0,-0.021567927288014252,0.07944953441619873,0.0006162643549032509,0.1748354285955429,0.0,0.011884859,0.0009786504,0.9993838,0.051475383,0.017547064,-1.757584e-05,-0.009512663,0.016084194,0.0071663857,0.030857664,0.079497114,0.021457767,0.0795,0.042320643,1.0,,,,,,,,,,,,,,,,,,,,,,,,,,,,,,,,,,,,,,,,,,,
213.0,-0.021669670587094455,0.07964934408664703,0.0006163239595480263,0.17151525616645813,0.0,0.01210202,0.0010533871,0.9993837,0.052118767,0.0179368,-1.7591427e-05,-0.009841919,0.015954971,0.0071406364,-0.07878798,-0.03156632,-0.004888031,0.079875,0.042519517,1.0,,,,,,,,,,,,,,,,,,,,,,,,,,,,,,,,,,,,,,,,,,,
214.0,-0.02177185060649204,0.0798460990190506,0.0006164073711261153,0.16818001866340637,0.0,0.01232184,0.0011298031,0.9993836,0.05275664,0.018339857,-1.7265558e-05,-0.009710789,0.016285181,0.007232189,0.030859882,0.07949707,0.021432048,0.08025,0.042718377,1.0,,,,,,,,,,,,,,,,,,,,,,,,,,,,,,,,,,,,,,,,,,,
215.0,-0.021874463718908835,0.08003981411457062,0.0006164669757708907,0.16482964158058167,0.0,0.012544372,0.0012078765,0.99938357,0.053407863,0.018737623,-1.7323378e-05,-0.010040045,0.016155958,0.00720644,-0.078783356,-0.03157918,-0.004869675,0.080625,0.04291723,1.0,,,,,,,,,,,,,,,,,,,,,,,,,,,,,,,,,,,,,,,,,,,
216.0,-0.021977514413232556,0.08023044466972351,0.0006165265804156661,0.1614641696214676,0.0,0.012769596,0.0012876628,0.9993835,0.054053567,0.019148707,-1.7173119e-05,-0.009909153,0.016486406,0.0072977543,0.030862095,0.07949703,0.021406332,0.081,0.043116067,1.0,,,,,,,,,,,,,,,,,,,,,,,,,,,,,,,,,,,,,,,,,,,
217.0,-0.022081000673417412,0.08041797578334808,0.0006166219827719033,0.1580834686756134,0.0,0.012997565,0.0013691399,0.99938345,0.054712627,0.019554501,-1.7191382e-05,-0.010238409,0.016357183,0.0072722435,-0.07877874,-0.03159203,-0.004851319,0.081375,0.043314897,1.0,,,,,,,,,,,,,,,,,,,,,,,,,,,,,,,,,,,,,,,,,,,
218.0,-0.022184927514635442,0.08060240745544434,0.0006167053943499923,0.15468759834766388,0.0,0.013228257,0.0014523632,0.99938333,0.055366162,0.019973606,-1.7051983e-05,-0.010107279,0.016687393,0.0073633194,0.030864304,0.07949698,0.021380624,0.08175,0.043513715,1.0,,,,,,,,,,,,,,,,,,,,,,,,,,,,,,,,,,,,,,,,,,,
219.0,-0.02228928757851499,0.08078372478485107,0.0006167649989947677,0.15127652883529663,0.0,0.013461729,0.0015373109,0.9993833,0.05603305,0.020387422,-1.6885404e-05,-0.010436535,0.01655817,0.0073378086,-0.0787741,-0.031604867,-0.004832965,0.082125,0.043712523,1.0,,,,,,,,,,,,,,,,,,,,,,,,,,,,,,,,,,,,,,,,,,,
220.0,-0.02239409081563166,0.08096189796924591,0.0006168246036395431,0.14785020053386688,0.0,0.013697955,0.0016240381,0.9993832,0.056694407,0.020814545,-1.679094e-05,-0.010305405,0.01688838,0.0074288845,0.030866507,0.079496935,0.021354921,0.0825,0.04391132,1.0,,,,,,,,,,,,,,,,,,,,,,,,,,,,,,,,,,,,,,,,,,,
221.0,-0.022499100372670194,0.08113685995340347,0.0006168842082843184,0.14440855383872986,0.0,0.013936993,0.001712523,0.99938315,0.05736911,0.021236377,-1.6799386e-05,-0.010634661,0.016759157,0.0074033737,-0.07876947,-0.031617697,-0.0048146117,0.082875,0.044110104,1.0,,,,,,,,,,,,,,,,,,,,,,,,,,,,,,,,,,,,,,,,,,,
222.0,-0.022604551094211365,0.08130867034196854,0.0006169438129290938,0.14095164835453033,0.0,0.014178819,0.0018028211,0.9993831,0.058038283,0.021671515,-1.6665448e-05,-0.0105035305,0.017089367,0.0074944496,0.030868705,0.07949688,0.021329224,0.08325,0.044308882,1.0,,,,,,,,,,,,,,,,,,,,,,,,,,,,,,,,,,,,,,,,,,,
223.0,-0.02271044038656351,0.08147728443145752,0.0006170153501443565,0.13747940957546234,0.0,0.01442349,0.00189491,0.99938303,0.058720797,0.022101356,-1.6684786e-05,-0.010832787,0.016959906,0.007468939,-0.07876483,-0.031630516,-0.00479626,0.083625,0.044507645,1.0,,,,,,,,,,,,,,,,,,,,,,,,,,,,,,,,,,,,,,,,,,,
224.0,-0.022816769922765615,0.08164270222187042,0.0006170749547891319,0.13399191200733185,0.0,0.01467098,0.0019888454,0.9993829,0.05939778,0.022544503,-1.6549871e-05,-0.010701656,0.017290354,0.0075597763,0.0308709,0.07949682,0.021303533,0.084,0.044706397,1.0,,,,,,,,,,,,,,,,,,,,,,,,,,,,,,,,,,,,,,,,,,,
225.0,-0.022923533202256135,0.08180493116378784,0.0006171584245748818,0.13048921525478363,0.0,0.014921347,0.0020846052,0.99938285,0.060088105,0.022982353,-1.6387145e-05,-0.011030912,0.017160892,0.0075342655,-0.0787602,-0.031643327,-0.0047779093,0.084375,0.044905137,1.0,,,,,,,,,,,,,,,,,,,,,,,,,,,,,,,,,,,,,,,,,,,
226.0,-0.023030737061002143,0.08196395635604858,0.0006172180292196572,0.1269712597131729,0.0,0.015174568,0.0021822448,0.9993828,0.060772885,0.023433503,-1.6296506e-05,-0.010899782,0.017491102,0.0076253414,0.03087309,0.07949676,0.021277847,0.08475,0.045103867,1.0,,,,,,,,,,,,,,,,,,,,,,,,,,,,,,,,,,,,,,,,,,,
227.0,-0.023138184190939114,0.08211975544691086,0.0006172776338644326,0.12343814969062805,0.0,0.015430696,0.0022817422,0.99938273,0.061471004,0.023879353,-1.6308953e-05,-0.0112288,0.01736164,0.007599592,-0.07875556,-0.031656124,-0.00475956,0.085125,0.04530259,1.0,,,,,,,,,,,,,,,,,,,,,,,,,,,,,,,,,,,,,,,,,,,
228.0,-0.023246067311417717,0.08227233588695526,0.000617337238509208,0.11988990753889084,0.0,0.015689712,0.0023831525,0.9993827,0.06216358,0.024338502,-1.617881e-05,-0.01109767,0.017590284,0.007691622,0.03106537,0.0551092,0.02152599,0.0855,0.045501295,1.0,,,,,,,,,,,,,,,,,,,,,,,,,,,,,,,,,,,,,,,,,,,
229.0,-0.023354379690571744,0.08242175728082657,0.0006173968431539834,0.11632658541202545,0.0,0.01595165,0.0024864539,0.9993826,0.06286533,0.02479232,-1.612886e-05,-0.011426926,0.017359257,0.007667303,-0.07855591,-0.056050736,-0.004478619,0.085875,0.04569999,1.0,,,,,,,,,,,,,,,,,,,,,,,,,,,,,,,,,,,,,,,,,,,
230.0,-0.023463129451859896,0.08256792277097702,0.000617468380369246,0.11274812370538712,0.0,0.016216474,0.0025917015,0.99938256,0.06355739,0.025259398,-1.5943142e-05,-0.011295557,0.0175879,0.0077590942,0.031066485,0.055120666,0.021511499,0.08625,0.045898676,1.0,,,,,,,,,,,,,,,,,,,,,,,,,,,,,,,,,,,,,,,,,,,
231.0,-0.023572306283123644,0.08271092176437378,0.0006175279850140214,0.10915462672710419,0.0,0.016484218,0.0026988727,0.99938244,0.06425862,0.02572114,-1.5905161e-05,-0.011624813,0.017357111,0.0077347755,-0.07854681,-0.056052197,-0.0044715405,0.086625,0.04609735,1.0,,,,,,,,,,,,,,,,,,,,,,,,,,,,,,,,,,,,,,,,,,,
232.0,-0.023681916288463785,0.08285070210695267,0.0006176113965921104,0.10554611682891846,0.0,0.016754843,0.0028080235,0.9993824,0.06495015,0.026196143,-1.55354e-05,-0.011493444,0.017585754,0.007826567,0.031067597,0.055132125,0.021497006,0.087,0.04629601,1.0,,,,,,,,,,,,,,,,,,,,,,,,,,,,,,,,,,,,,,,,,,,
233.0,-0.10379195138076455,0.08298734575510025,0.0006176471943035722,0.10192268341779709,1.0,0.017028388,0.002919131,0.9993823,0.065650865,0.026665805,-1.5539514e-05,-0.0118227005,0.017354727,0.007802248,-0.07853771,-0.056053653,-0.0044644605,0.087375,0.04649466,1.0,,,,,,,,,,,,,,,,,,,,,,,,,,,,,,,,,,,,,,,,,,,
