episode,total_reward,mean_form_error,max_form_error,form_var,mean_z_error,min_dyn_distance,collision,threat,r_terms,ic_chase_mode
0,-22.883546334603796,0.053738899528980255,0.06252497434616089,8.874877676134929e-05,0.0006429195636883378,0.10692667216062546,1.0,1.0,"{'r_form': -0.03813943405402824, 'r_form_var': -3.7274486239766694e-05, 'r_height': -0.00025716782547533515, 'r_smooth': -0.0010125772655010224, 'r_evade': -2.079219983518124, 'r_safe': 0.0, 'workspace_pen': -0.0, 'sep_pen': 0.0, 'static_pen': -0.28398392200469974, 'collision': -8.0}",round_robin
1,-22.575541453989533,0.05371604487299919,0.05856257304549217,3.307045699330047e-05,0.0006549239042215049,0.10680519044399261,1.0,1.0,"{'r_form': -0.03585944926831871, 'r_form_var': -1.3889591937186195e-05, 'r_height': -0.00026196956168860196, 'r_smooth': -0.001034778580069542, 'r_evade': -2.0795844286680225, 'r_safe': 0.0, 'workspace_pen': -0.0, 'sep_pen': 0.0, 'static_pen': -0.22516388893127443, 'collision': -8.0}",nearest
2,-3.489892773035216,0.08298734575510025,0.0835462138056755,2.294272007929976e-07,0.0006176471943035722,0.10192268341779709,1.0,1.0,"{'r_form': -0.05401736424770206, 'r_form_var': -9.635942433305899e-08, 'r_height': -0.0002470588777214289, 'r_smooth': -0.0007086516171693802, 'r_evade': -2.094231949746609, 'r_safe': 0.0, 'workspace_pen': -0.0, 'sep_pen': 0.0, 'static_pen': -0.2234536647796631, 'collision': -8.0}",round_robin
3,-5.8504395464248224,0.05053884908556938,0.06104203686118126,9.610379493096843e-05,3.243684841436334e-05,0.10585485398769379,1.0,1.0,"{'r_form': -0.03696633368264884, 'r_form_var': -4.036359387100674e-05, 'r_height': -1.2974739365745336e-05, 'r_smooth': -0.001206573471426964, 'r_evade': -2.082435438036919, 'r_safe': 0.0, 'workspace_pen': -0.0, 'sep_pen': 0.0, 'static_pen': -0.22119097709655763, 'collision': -8.0}",most_error
4,-13.491935974618238,0.04670845344662666,0.06549189239740372,0.00015482219168916345,8.721351332496852e-05,0.10486399382352829,1.0,1.0,"{'r_form': -0.03912878643255681, 'r_form_var': -6.502532050944865e-05, 'r_height': -3.488540532998741e-05, 'r_smooth': -0.0011201133579015732, 'r_evade': -2.0327576227486137, 'r_safe': 0.0, 'workspace_pen': -0.0, 'sep_pen': 0.0, 'static_pen': -0.28471195697784424, 'collision': -8.0}",random
5,-17.882534834249046,0.043223507702350616,0.047681551426649094,8.125326530716848e-06,0.00011190176155650988,0.10283174365758896,1.0,1.0,"{'r_form': -0.028671885465737432, 'r_form_var': -3.4126371429010753e-06, 'r_height': -4.4760704622603956e-05, 'r_smooth': -0.0008698341995477676, 'r_evade': -2.0613963395357136, 'r_safe': 0.0, 'workspace_pen': -0.0, 'sep_pen': 0.0, 'static_pen': -0.22564899921417236, 'collision': -8.0}",most_error
6,-3.097369032294604,0.08580993115901947,0.08749514818191528,1.9151846117893e-06,0.00014437436766456813,0.10655517131090164,1.0,1.0,"{'r_form': -0.05673080529086291, 'r_form_var': -8.043775369515059e-07, 'r_height': -5.7749747065827256e-05, 'r_smooth': -0.0010140428692102432, 'r_evade': -2.0803344860672954, 'r_safe': 0.0, 'workspace_pen': -0.0, 'sep_pen': 0.0, 'static_pen': -0.21248302459716797, 'collision': -8.0}",random
7,-23.188300460403354,0.053939156234264374,0.058765579015016556,2.5317975087091327e-05,0.00029942989931441844,0.10386677086353302,1.0,1.0,"{'r_form': -0.03599021241534501, 'r_form_var': -1.0633549536578357e-05, 'r_height': -0.00011977195972576738, 'r_smooth': -0.0010058759152889252, 'r_evade': -2.0883996874094013, 'r_safe': 0.0, 'workspace_pen': -0.0, 'sep_pen': 0.0, 'static_pen': -0.2232280731201172, 'collision': -8.0}",nearest
8,-21.97667769423002,0.04754732549190521,0.058058664202690125,6.507104990305379e-05,0.0004405975341796875,0.10979468375444412,1.0,1.0,"{'r_form': -0.03495496201561764, 'r_form_var': -2.732984095928259e-05, 'r_height': -0.000176239013671875, 'r_smooth': -0.0008864133059978485, 'r_evade': -2.070615948736668, 'r_safe': 0.0, 'workspace_pen': -0.0, 'sep_pen': 0.0, 'static_pen': -0.2569883346557617, 'collision': -8.0}",round_robin
9,-2.816814861165226,0.07065124064683914,0.07456253468990326,9.910732842399739e-06,0.0003124237118754536,0.1056390032172203,1.0,1.0,"{'r_form': -0.04700660251080989, 'r_form_var': -4.16250779380789e-06, 'r_height': -0.00012496948475018143, 'r_smooth': -0.0014385917782783508, 'r_evade': -2.0830829903483394, 'r_safe': 0.0, 'workspace_pen': -0.0, 'sep_pen': 0.0, 'static_pen': -0.24335927963256837, 'collision': -8.0}",most_error
10,-4.997481108725668,0.051775962114334106,0.057951778173446655,3.095037754974328e-05,0.0002688169479370117,0.10588134825229645,1.0,1.0,"{'r_form': -0.035300281555391846, 'r_form_var': -1.2999158570892178e-05, 'r_height': -0.00010752677917480469, 'r_smooth': -0.00127323716878891, 'r_evade': -2.082355955243111, 'r_safe': 0.0, 'workspace_pen': -0.0, 'sep_pen': 0.0, 'static_pen': -0.21642699241638186, 'collision': -8.0}",round_robin
11,-6.433598490898846,0.04863842949271202,0.05669016018509865,4.3741219997173175e-05,0.0005768656847067177,0.10307757556438446,1.0,1.0,"{'r_form': -0.03427639950299636, 'r_form_var': -1.837131239881273e-05, 'r_height': -0.0002307462738826871, 'r_smooth': -0.0009284903854131698, 'r_evade': -2.090767273306847, 'r_safe': 0.0, 'workspace_pen': -0.0, 'sep_pen': 0.0, 'static_pen': -0.2574936389923096, 'collision': -8.0}",random
12,-2.8135793825450204,0.05953674390912056,0.06295102834701538,7.930615538498387e-06,0.00042226313962601125,0.10280676186084747,1.0,1.0,"{'r_form': -0.03898275824729353, 'r_form_var': -3.3308585261693217e-06, 'r_height': -0.0001689052558504045, 'r_smooth': -0.0015959648787975311, 'r_evade': -2.091579714417458, 'r_safe': 0.0, 'workspace_pen': -0.0, 'sep_pen': 0.0, 'static_pen': -0.2189009189605713, 'collision': -8.0}",nearest
13,-2.94875781832984,0.0571284294128418,0.06610609591007233,6.156308518256992e-05,0.00032585859298706055,0.10730563849210739,1.0,1.0,"{'r_form': -0.040510895405896, 'r_form_var': -2.5856495776679365e-05, 'r_height': -0.00013034343719482423, 'r_smooth': -0.0014901933073997499, 'r_evade': -2.078083084523678, 'r_safe': 0.0, 'workspace_pen': -0.0, 'sep_pen': 0.0, 'static_pen': -0.21596546173095704, 'collision': -8.0}",most_error
14,-25.376183842711292,0.05461752414703369,0.0654548853635788,7.553521572845057e-05,7.280111458385363e-05,0.11074268072843552,1.0,1.0,"{'r_form': -0.03986627485603094, 'r_form_var': -3.1724790605949235e-05, 'r_height': -2.9120445833541454e-05, 'r_smooth': -0.0010701315104961395, 'r_evade': -2.067771957814694, 'r_safe': 0.0, 'workspace_pen': -0.0, 'sep_pen': 0.0, 'static_pen': -0.2351477861404419, 'collision': -8.0}",random
15,-18.071077763034204,0.05159463360905647,0.054564621299505234,1.0253974323859438e-05,0.0002777576446533203,0.11215586960315704,1.0,1.0,"{'r_form': -0.03336206109728664, 'r_form_var': -4.306669216020963e-06, 'r_height': -0.00011110305786132812, 'r_smooth': -0.0010465146601200104, 'r_evade': -2.0635323911905292, 'r_safe': 0.0, 'workspace_pen': -0.0, 'sep_pen': 0.0, 'static_pen': -0.2393965721130371, 'collision': -8.0}",random
16,-16.2570292267354,0.05264311283826828,0.055966272950172424,2.6285269996151328e-05,0.0004946112749166787,0.1091141626238823,1.0,1.0,"{'r_form': -0.034278575126081706, 'r_form_var': -1.1039813398383557e-05, 'r_height': -0.00019784450996667148, 'r_smooth': -0.001025182157754898, 'r_evade': -2.0726575121283535, 'r_safe': 0.0, 'workspace_pen': -0.0, 'sep_pen': 0.0, 'static_pen': -0.2830082416534424, 'collision': -8.0}",random
17,-2.777308128742601,0.06712650507688522,0.0677938461303711,6.636690272898704e-07,0.0006722092512063682,0.10364773869514465,1.0,1.0,"{'r_form': -0.042696517664007845, 'r_form_var': -2.787409914617455e-07, 'r_height': -0.00026888370048254727, 'r_smooth': -0.0016085493564605713, 'r_evade': -2.0890567839145664, 'r_safe': 0.0, 'workspace_pen': -0.0, 'sep_pen': 0.0, 'static_pen': -0.22742452621459963, 'collision': -8.0}",nearest
18,-18.907194260772453,0.04946908727288246,0.05403165519237518,1.4585738426831085e-05,0.000276160251814872,0.10515699535608292,1.0,1.0,"{'r_form': -0.032842591851949696, 'r_form_var': -6.126010139269056e-06, 'r_height': -0.00011046410072594881, 'r_smooth': -0.0011705408990383148, 'r_evade': -2.0469280719757084, 'r_safe': 0.0, 'workspace_pen': -0.0, 'sep_pen': 0.0, 'static_pen': -0.278290605545044, 'collision': -8.0}",random
19,-21.222724004258364,0.045985180884599686,0.05220496654510498,1.693829835858196e-05,0.0005346536636352539,0.10796049982309341,1.0,1.0,"{'r_form': -0.031472935280762615, 'r_form_var': -7.114085310604423e-06, 'r_height': -0.00021386146545410156, 'r_smooth': -0.000906992107629776, 'r_evade': -2.07611850053072, 'r_safe': 0.0, 'workspace_pen': -0.0, 'sep_pen': 0.0, 'static_pen': -0.24901242256164552, 'collision': -8.0}",round_robin
20,-5.44594433616887,0.04859247803688049,0.05060463026165962,4.7223284127539955e-06,0.0005700826877728105,0.10562402009963989,1.0,1.0,"{'r_form': -0.03082284194417298, 'r_form_var': -1.983377933356678e-06, 'r_height': -0.0002280330751091242, 'r_smooth': -0.0012209490686655045, 'r_evade': -2.0831279397010807, 'r_safe': 0.0, 'workspace_pen': -0.0, 'sep_pen': 0.0, 'static_pen': -0.25599210262298583, 'collision': -8.0}",most_error
21,-3.03158183571622,0.0800355076789856,0.08278500288724899,5.666091965395026e-06,0.0004944443935528398,0.1012784019112587,1.0,1.0,"{'r_form': -0.05309151750989258, 'r_form_var': -2.3797586254659107e-06, 'r_height': -0.0001977777574211359, 'r_smooth': -0.0015236641466617584, 'r_evade': -2.0961647942662243, 'r_safe': 0.0, 'workspace_pen': -0.0, 'sep_pen': 0.0, 'static_pen': -0.23514461517333984, 'collision': -8.0}",nearest
22,-21.763907605517613,0.04519456624984741,0.052652839571237564,3.282119723735377e-05,0.00010470151755725965,0.10674752295017242,1.0,1.0,"{'r_form': -0.031664728592149916, 'r_form_var': -1.3784902839688583e-05, 'r_height': -4.1880607022903865e-05, 'r_smooth': -0.0010219498723745347, 'r_evade': -2.079757431149483, 'r_safe': 0.0, 'workspace_pen': -0.0, 'sep_pen': 0.0, 'static_pen': -0.24884719848632814, 'collision': -8.0}",round_robin
23,-6.089072551314706,0.057688694447278976,0.059075627475976944,7.831932862245594e-07,0.0002650856913533062,0.10564254969358444,1.0,1.0,"{'r_form': -0.03657755883876234, 'r_form_var': -3.289411802143149e-07, 'r_height': -0.00010603427654132247, 'r_smooth': -0.0013248056173324585, 'r_evade': -2.083072350919247, 'r_safe': 0.0, 'workspace_pen': -0.0, 'sep_pen': 0.0, 'static_pen': -0.22934381961822511, 'collision': -8.0}",most_error
24,-21.605129107305444,0.04400011897087097,0.045258693397045135,2.264458089484833e-06,0.00016098022751975805,0.10552120208740234,1.0,1.0,"{'r_form': -0.027380056872498244, 'r_form_var': -9.510723975836299e-07, 'r_height': -6.439209100790322e-05, 'r_smooth': -0.0011223119497299195, 'r_evade': -2.0834363937377933, 'r_safe': 0.0, 'workspace_pen': -0.0, 'sep_pen': 0.0, 'static_pen': -0.23245508670806886, 'collision': -8.0}",round_robin
25,-23.56316571803485,0.0493459478020668,0.06497501581907272,0.00010852469131350517,0.0005844831466674805,0.44569775462150574,0.0,1.0,"{'r_form': -0.03905673340894282, 'r_form_var': -4.558037035167217e-05, 'r_height': -0.0002337932586669922, 'r_smooth': -0.0009511115401983261, 'r_evade': -1.040811735764146, 'r_safe': 0.0, 'workspace_pen': -0.0, 'sep_pen': 0.0, 'static_pen': -0.26996123790740967, 'collision': 0.0}",most_error
26,-2.9950326547455113,0.08266033232212067,0.08408698439598083,1.3792738400297821e-06,0.0006051063537597656,0.1024077832698822,1.0,1.0,"{'r_form': -0.0542645260412246, 'r_form_var': -5.792950128125084e-07, 'r_height': -0.00024204254150390626, 'r_smooth': -0.0012678247690200805, 'r_evade': -2.0927766501903537, 'r_safe': 0.0, 'workspace_pen': -0.0, 'sep_pen': 0.0, 'static_pen': -0.25339930057525634, 'collision': -8.0}",most_error
27,-6.261660708607302,0.049757059663534164,0.05418802797794342,3.437656778260134e-05,0.00035409926204010844,0.10052340477705002,1.0,1.0,"{'r_form': -0.03298094432801008, 'r_form_var': -1.4438158468692561e-05, 'r_height': -0.00014163970481604338, 'r_smooth': -0.0014482469856739045, 'r_evade': -2.0717032566666607, 'r_safe': 0.0, 'workspace_pen': -0.0, 'sep_pen': 0.0, 'static_pen': -0.21394872665405273, 'collision': -8.0}",random
28,-33.80764774307174,0.05337174981832504,0.061080750077962875,6.335788930300623e-05,2.3555756342830136e-05,0.1239815205335617,0.0,1.0,"{'r_form': -0.03726271693361923, 'r_form_var': -2.6610313507262618e-05, 'r_height': -9.422302537132056e-06, 'r_smooth': -0.0009874872863292693, 'r_evade': -2.0280554383993152, 'r_safe': 0.0, 'workspace_pen': -0.0, 'sep_pen': 0.0, 'static_pen': -0.2732635259628296, 'collision': 0.0}",round_robin
29,-2.9701998745627094,0.06207355111837387,0.06466390192508698,1.2600228728842922e-05,0.00020265579223632812,0.10425931215286255,1.0,1.0,"{'r_form': -0.04027079695137218, 'r_form_var': -5.292096066114026e-06, 'r_height': -8.106231689453125e-05, 'r_smooth': -0.001384289562702179, 'r_evade': -2.0872220635414127, 'r_safe': 0.0, 'workspace_pen': -0.0, 'sep_pen': 0.0, 'static_pen': -0.24568390846252441, 'collision': -8.0}",most_error
30,-5.303705420201256,0.0426781065762043,0.055365461856126785,0.00011522752174641937,0.0006721019744873047,0.10691049695014954,1.0,1.0,"{'r_form': -0.033038139693671836, 'r_form_var': -4.8395559133496135e-05, 'r_height': -0.0002688407897949219, 'r_smooth': -0.0012463134527206422, 'r_evade': -2.0792685091495517, 'r_safe': 0.0, 'workspace_pen': -0.0, 'sep_pen': 0.0, 'static_pen': -0.2201089382171631, 'collision': -8.0}",most_error
31,-2.966201391830541,0.06807301938533783,0.0718352347612381,1.3989438230055384e-05,0.00044815539149567485,0.10642744600772858,1.0,1.0,"{'r_form': -0.04510805225931108, 'r_form_var': -5.875564056623261e-06, 'r_height': -0.00017926215659826996, 'r_smooth': -0.0017232280969619752, 'r_evade': -2.0807176619768146, 'r_safe': 0.0, 'workspace_pen': -0.0, 'sep_pen': 0.0, 'static_pen': -0.27083811759948734, 'collision': -8.0}",nearest
32,-23.15424399314525,0.039901334792375565,0.047622740268707275,3.7125391827430576e-05,0.0006284475093707442,0.10449453443288803,1.0,1.0,"{'r_form': -0.028379438624251636, 'r_form_var': -1.5592664567520842e-05, 'r_height': -0.0002513790037482977, 'r_smooth': -0.0008934938907623291, 'r_evade': -2.0865163967013363, 'r_safe': 0.0, 'workspace_pen': -0.0, 'sep_pen': 0.0, 'static_pen': -0.24605863094329836, 'collision': -8.0}",nearest
33,-17.326368501261744,0.05684317275881767,0.061246566474437714,2.2427515432354994e-05,0.0004118919314350933,0.10503006726503372,1.0,1.0,"{'r_form': -0.037714329943992195, 'r_form_var': -9.419556481589097e-06, 'r_height': -0.00016475677257403733, 'r_smooth': -0.0009796760976314544, 'r_evade': -2.0366070806980137, 'r_safe': 0.0, 'workspace_pen': -0.0, 'sep_pen': 0.0, 'static_pen': -0.2588085412979126, 'collision': -8.0}",nearest
34,-22.541066962503514,0.047707848250865936,0.06304514408111572,7.808439841028303e-05,0.0002084016741719097,0.10416310280561447,1.0,1.0,"{'r_form': -0.03777711025206372, 'r_form_var': -3.279544733231887e-05, 'r_height': -8.336066966876388e-05, 'r_smooth': -0.0010200301557779312, 'r_evade': -2.087510691583157, 'r_safe': 0.0, 'workspace_pen': -0.0, 'sep_pen': 0.0, 'static_pen': -0.23486893177032472, 'collision': -8.0}",nearest
35,-10.545661686051416,0.05856490135192871,0.06194687262177467,7.4647941801231354e-06,0.00030760763911530375,0.10624921321868896,1.0,1.0,"{'r_form': -0.03829942709300667, 'r_form_var': -3.1352135556517167e-06, 'r_height': -0.0001230430556461215, 'r_smooth': -0.000952751561999321, 'r_evade': -2.039428108930588, 'r_safe': 0.0, 'workspace_pen': -0.0, 'sep_pen': 0.0, 'static_pen': -0.25070576667785643, 'collision': -8.0}",nearest
36,-15.661306231063797,0.050758738070726395,0.05851680040359497,2.6335275833844207e-05,0.00024602413759566844,0.10237816721200943,1.0,1.0,"{'r_form': -0.03550233236514032, 'r_form_var': -1.1060815850214566e-05, 'r_height': -9.840965503826737e-05, 'r_smooth': -0.0010182096064090729, 'r_evade': -2.0489642783999447, 'r_safe': 0.0, 'workspace_pen': -0.0, 'sep_pen': 0.0, 'static_pen': -0.23394267559051515, 'collision': -8.0}",most_error
37,-2.8326247604659605,0.06698791682720184,0.06934710592031479,1.3355119335756171e-05,0.0002262234629597515,0.10840962082147598,1.0,1.0,"{'r_form': -0.04356015262193978, 'r_form_var': -5.609150121017592e-06, 'r_height': -9.04893851839006e-05, 'r_smooth': -0.0013025912642478943, 'r_evade': -2.0747711375355724, 'r_safe': 0.0, 'workspace_pen': -0.0, 'sep_pen': 0.0, 'static_pen': -0.22035274505615235, 'collision': -8.0}",random
38,-20.696187027589847,0.04439067468047142,0.052058763802051544,2.8014901545247994e-05,0.00034105777740478516,0.10929650813341141,1.0,1.0,"{'r_form': -0.03125138183357194, 'r_form_var': -1.1766258649004157e-05, 'r_height': -0.00013642311096191407, 'r_smooth': -0.0010196250677108765, 'r_evade': -2.072110475599766, 'r_safe': 0.0, 'workspace_pen': -0.0, 'sep_pen': 0.0, 'static_pen': -0.22862348556518555, 'collision': -8.0}",round_robin
39,-12.830969920613173,0.048523347824811935,0.05271536484360695,8.581184374634176e-06,0.0004784107150044292,0.1027233675122261,1.0,1.0,"{'r_form': -0.03200185583671555, 'r_form_var': -3.604097437346354e-06, 'r_height': -0.0001913642860017717, 'r_smooth': -0.0010096971690654755, 'r_evade': -2.091829897463322, 'r_safe': 0.0, 'workspace_pen': -0.0, 'sep_pen': 0.0, 'static_pen': -0.2429513454437256, 'collision': -8.0}",most_error
40,-5.446763391744721,0.05244201421737671,0.055659219622612,7.58811438572593e-06,0.0004893302684649825,0.11015377193689346,1.0,1.0,"{'r_form': -0.03406480414094403, 'r_form_var': -3.1870080420048907e-06, 'r_height': -0.000195732107385993, 'r_smooth': -0.00130455881357193, 'r_evade': -2.06953868418932, 'r_safe': 0.0, 'workspace_pen': -0.0, 'sep_pen': 0.0, 'static_pen': -0.22379493713378906, 'collision': -8.0}",most_error
41,-13.130574418367884,0.05536924675107002,0.05979503318667412,7.213096068880986e-06,4.9197675252798945e-05,0.11053253710269928,1.0,1.0,"{'r_form': -0.03671183276921511, 'r_form_var': -3.029500348930014e-06, 'r_height': -1.967907010111958e-05, 'r_smooth': -0.00103771410882473, 'r_evade': -2.0184077560901645, 'r_safe': 0.0, 'workspace_pen': -0.0, 'sep_pen': 0.0, 'static_pen': -0.23277597427368166, 'collision': -8.0}",random
42,-2.7423951905986,0.06228204444050789,0.06960663944482803,3.695455234264955e-05,0.0004871487617492676,0.10838603228330612,1.0,1.0,"{'r_form': -0.043091525929048656, 'r_form_var': -1.552091198391281e-05, 'r_height': -0.00019485950469970705, 'r_smooth': -0.001460380256175995, 'r_evade': -2.074841903150082, 'r_safe': 0.0, 'workspace_pen': -0.0, 'sep_pen': 0.0, 'static_pen': -0.22847259044647217, 'collision': -8.0}",round_robin
43,-10.146960606030339,0.04856229946017265,0.052079953253269196,1.2543119737529196e-05,0.00047869683476164937,0.1121426597237587,1.0,1.0,"{'r_form': -0.03165415551280603, 'r_form_var': -5.268110289762262e-06, 'r_height': -0.00019147873390465975, 'r_smooth': -0.0009652604162693024, 'r_evade': -2.0169419735670093, 'r_safe': 0.0, 'workspace_pen': -0.0, 'sep_pen': 0.0, 'static_pen': -0.2660398006439209, 'collision': -8.0}",nearest
44,-2.850345950266197,0.0737476795911789,0.07743556797504425,1.4928658856661059e-05,0.0004914760356768966,0.1007734090089798,1.0,1.0,"{'r_form': -0.0490902494918555, 'r_form_var': -6.270036719797645e-06, 'r_height': -0.00019659041427075863, 'r_smooth': -0.0013669876754283906, 'r_evade': -2.097679772973061, 'r_safe': 0.0, 'workspace_pen': -0.0, 'sep_pen': 0.0, 'static_pen': -0.21661777496337892, 'collision': -8.0}",most_error
45,-20.299948018883907,0.05497419834136963,0.06311772763729095,4.6992448915261775e-05,0.0005500077968463302,0.10499700903892517,1.0,1.0,"{'r_form': -0.03856854014098644, 'r_form_var': -1.9736828544409943e-05, 'r_height': -0.00022000311873853208, 'r_smooth': -0.001093270778656006, 'r_evade': -2.085008972883225, 'r_safe': 0.0, 'workspace_pen': -0.0, 'sep_pen': 0.0, 'static_pen': -0.22455475330352784, 'collision': -8.0}",round_robin
46,-2.9801768219286466,0.06855450570583344,0.07169762998819351,5.015457190893358e-06,0.0003444671747274697,0.10958334058523178,1.0,1.0,"{'r_form': -0.04509064479731023, 'r_form_var': -2.10649202017521e-06, 'r_height': -0.00013778686989098787, 'r_smooth': -0.0015873369574546815, 'r_evade': -2.071249978244305, 'r_safe': 0.0, 'workspace_pen': -0.0, 'sep_pen': 0.0, 'static_pen': -0.2678175210952759, 'collision': -8.0}",nearest
47,-3.0132156520847317,0.06555391848087311,0.07069579511880875,1.418273586750729e-05,0.0005955457454547286,0.10729826241731644,1.0,1.0,"{'r_form': -0.04411671941168606, 'r_form_var': -5.9567490643530605e-06, 'r_height': -0.00023821829818189145, 'r_smooth': -0.0017745812237262727, 'r_evade': -2.078105212748051, 'r_safe': 0.0, 'workspace_pen': -0.0, 'sep_pen': 0.0, 'static_pen': -0.27929115295410156, 'collision': -8.0}",nearest
48,-5.026110386237999,0.0554419681429863,0.06178866699337959,2.8214573831064627e-05,0.0003080844762735069,0.10223491489887238,1.0,1.0,"{'r_form': -0.03785878149559722, 'r_form_var': -1.1850121009047141e-05, 'r_height': -0.00012323379050940275, 'r_smooth': -0.0015403538942337037, 'r_evade': -2.0932952553033832, 'r_safe': 0.0, 'workspace_pen': -0.0, 'sep_pen': 0.0, 'static_pen': -0.237723708152771, 'collision': -8.0}",round_robin
49,-5.924103120162532,0.03877749294042587,0.04847630858421326,2.363315797992982e-05,0.00019810200319625437,0.1073102131485939,1.0,1.0,"{'r_form': -0.028750426153419537, 'r_form_var': -9.925926351570524e-06, 'r_height': -7.924080127850175e-05, 'r_smooth': -0.001078655868768692, 'r_evade': -2.0780693605542186, 'r_safe': 0.0, 'workspace_pen': -0.0, 'sep_pen': 0.0, 'static_pen': -0.2660515785217285, 'collision': -8.0}",nearest
50,-5.95746625955107,0.04912836477160454,0.051879581063985825,1.0903678230533842e-05,0.0006234765169210732,0.10380976647138596,1.0,1.0,"{'r_form': -0.03159829058917239, 'r_form_var': -4.579544856824213e-06, 'r_height': -0.0002493906067684293, 'r_smooth': -0.0010665754973888397, 'r_evade': -2.0885707005858425, 'r_safe': 0.0, 'workspace_pen': -0.0, 'sep_pen': 0.0, 'static_pen': -0.2492757797241211, 'collision': -8.0}",nearest
51,-24.01333587473006,0.04756711423397064,0.05103606358170509,6.958124231459806e-06,2.9706954592256807e-05,0.10772041976451874,1.0,1.0,"{'r_form': -0.030963263681624085, 'r_form_var': -2.922412177213118e-06, 'r_height': -1.1882781836902723e-05, 'r_smooth': -0.0009020484983921052, 'r_evade': -2.076838740706444, 'r_safe': 0.0, 'workspace_pen': -0.0, 'sep_pen': 0.0, 'static_pen': -0.3102888584136963, 'collision': -8.0}",nearest
52,-3.0746363700159685,0.06819126009941101,0.0704142302274704,3.875252332363743e-06,0.0003472447278909385,0.10144635289907455,1.0,1.0,"{'r_form': -0.04431858781259507, 'r_form_var': -1.6276059795927722e-06, 'r_height': -0.00013889789115637541, 'r_smooth': -0.0013315507769584656, 'r_evade': -2.0956609413027767, 'r_safe': 0.0, 'workspace_pen': -0.0, 'sep_pen': 0.0, 'static_pen': -0.2858011245727539, 'collision': -8.0}",most_error
53,-5.6568624967021375,0.053848616778850555,0.05917134881019592,2.2032636479707435e-05,0.00042560099973343313,0.10137441009283066,1.0,1.0,"{'r_form': -0.03620374719146639, 'r_form_var': -9.253707321477122e-06, 'r_height': -0.00017024039989337327, 'r_smooth': -0.001754160225391388, 'r_evade': -2.0958767697215084, 'r_safe': 0.0, 'workspace_pen': -0.0, 'sep_pen': 0.0, 'static_pen': -0.22603290081024172, 'collision': -8.0}",round_robin
54,-5.030537792131817,0.0396900400519371,0.042480263859033585,6.4992395891749766e-06,0.0001720666914479807,0.10679493099451065,1.0,1.0,"{'r_form': -0.025449835739564153, 'r_form_var': -2.72968062745349e-06, 'r_height': -6.882667657919228e-05, 'r_smooth': -0.0011580792814493179, 'r_evade': -2.0796152070164684, 'r_safe': 0.0, 'workspace_pen': -0.0, 'sep_pen': 0.0, 'static_pen': -0.22807483673095705, 'collision': -8.0}",most_error
55,-21.46063496230466,0.06070549041032791,0.06728673726320267,3.623082739068195e-05,0.000676274299621582,0.10615251958370209,1.0,1.0,"{'r_form': -0.04158802959369495, 'r_form_var': -1.5216947504086417e-05, 'r_height': -0.00027050971984863285, 'r_smooth': -0.0010419317334890365, 'r_evade': -2.0626790650188926, 'r_safe': 0.0, 'workspace_pen': -0.0, 'sep_pen': 0.0, 'static_pen': -0.2719320774078369, 'collision': -8.0}",most_error
56,-13.948536406809811,0.04925591126084328,0.06056968495249748,4.35905167250894e-05,0.00010766983177745715,0.105107881128788,1.0,1.0,"{'r_form': -0.03651224579894915, 'r_form_var': -1.8308017024537546e-05, 'r_height': -4.306793271098286e-05, 'r_smooth': -0.0010576746612787247, 'r_evade': -2.0369668766856197, 'r_safe': 0.0, 'workspace_pen': -0.0, 'sep_pen': 0.0, 'static_pen': -0.2873063087463379, 'collision': -8.0}",most_error
57,-6.155777385910402,0.057974498718976974,0.06453417241573334,2.9290124075487256e-05,0.0006299495580606163,0.10856148600578308,1.0,1.0,"{'r_form': -0.03969898587092757, 'r_form_var': -1.2301852111704647e-05, 'r_height': -0.0002519798232242465, 'r_smooth': -0.0012056585401296616, 'r_evade': -2.074315541982651, 'r_safe': 0.0, 'workspace_pen': -0.0, 'sep_pen': 0.0, 'static_pen': -0.21979825496673586, 'collision': -8.0}",nearest
58,-20.191695177063252,0.04570123925805092,0.04950157552957535,7.1158306127472315e-06,0.0003607153776101768,0.10692018270492554,1.0,1.0,"{'r_form': -0.029921387596987186, 'r_form_var': -2.9886488573538367e-06, 'r_height': -0.00014428615104407073, 'r_smooth': -0.0009336958825588227, 'r_evade': -2.0788639614242133, 'r_safe': 0.0, 'workspace_pen': -0.0, 'sep_pen': 0.0, 'static_pen': -0.24439542293548586, 'collision': -8.0}",round_robin
59,-26.074728185778007,0.05002656579017639,0.056923676282167435,1.833224087022245e-05,0.00040180684300139546,0.10946469008922577,1.0,1.0,"{'r_form': -0.03452429831493646, 'r_form_var': -7.699541165493428e-06, 'r_height': -0.0001607227372005582, 'r_smooth': -0.0009260956197977066, 'r_evade': -2.0670512910932306, 'r_safe': 0.0, 'workspace_pen': -0.0, 'sep_pen': 0.0, 'static_pen': -0.27495779991149905, 'collision': -8.0}",most_error
60,-10.76520878733057,0.05189310386776924,0.05896134674549103,3.475433913990855e-05,0.0005990624194964767,0.10923010110855103,1.0,1.0,"{'r_form': -0.0358823853218928, 'r_form_var': -1.459682243876159e-05, 'r_height': -0.00023962496779859067, 'r_smooth': -0.0009769473969936371, 'r_evade': -2.0304678916931156, 'r_safe': 0.0, 'workspace_pen': -0.0, 'sep_pen': 0.0, 'static_pen': -0.23931207656860354, 'collision': -8.0}",most_error
61,-21.924570932641647,0.0482938289642334,0.056148819625377655,6.138133176136762e-05,0.0006320595857687294,0.10889443010091782,1.0,1.0,"{'r_form': -0.033956697534304116, 'r_form_var': -2.5780159339774397e-05, 'r_height': -0.0002528238343074918, 'r_smooth': -0.0009098803997039795, 'r_evade': -2.073316709697247, 'r_safe': 0.0, 'workspace_pen': -0.0, 'sep_pen': 0.0, 'static_pen': -0.2682243824005127, 'collision': -8.0}",most_error
62,-25.657162887443487,0.048976607620716095,0.06437075883150101,0.00010476273018866777,0.0006989717367105186,0.232220858335495,0.0,1.0,"{'r_form': -0.03867626898922026, 'r_form_var': -4.400034667924046e-05, 'r_height': -0.00027958869468420745, 'r_smooth': -0.0009075979888439179, 'r_evade': -1.7033374249935151, 'r_safe': 0.0, 'workspace_pen': -0.0, 'sep_pen': 0.0, 'static_pen': -0.27678875923156737, 'collision': 0.0}",nearest
63,-10.750839134632143,0.040289368480443954,0.04885248839855194,7.65082222642377e-05,0.0006308316951617599,0.11167452484369278,1.0,1.0,"{'r_form': -0.02914212216273881, 'r_form_var': -3.213345335097983e-05, 'r_height': -0.00025233267806470396, 'r_smooth': -0.0009900726377964019, 'r_evade': -2.0216864660382274, 'r_safe': 0.0, 'workspace_pen': -0.0, 'sep_pen': 0.0, 'static_pen': -0.24274809360504152, 'collision': -8.0}",random
64,-5.519767978291173,0.044505346566438675,0.0492621585726738,1.8419888874632306e-05,0.001332437968812883,0.10233946144580841,1.0,1.0,"{'r_form': -0.029685911443084478, 'r_form_var': -7.736353327345568e-06, 'r_height': -0.0005329751875251532, 'r_smooth': -0.0010132267326116561, 'r_evade': -2.092981615662575, 'r_safe': 0.0, 'workspace_pen': -0.0, 'sep_pen': 0.0, 'static_pen': -0.24564085006713868, 'collision': -8.0}",most_error
65,-5.479071196523132,0.0471743568778038,0.05083625018596649,3.891167580150068e-05,0.00038057565689086914,0.10909917950630188,1.0,1.0,"{'r_form': -0.030845848487224433, 'r_form_var': -1.6342903836630282e-05, 'r_height': -0.00015223026275634766, 'r_smooth': -0.0015587711334228516, 'r_evade': -2.0727024614810947, 'r_safe': 0.0, 'workspace_pen': -0.0, 'sep_pen': 0.0, 'static_pen': -0.2271582841873169, 'collision': -8.0}",round_robin
66,-1.7553869279065966,0.05771128088235855,0.060539454221725464,1.095441712095635e-05,0.000632679439149797,0.09868210554122925,1.0,1.0,"{'r_form': -0.03741071844939142, 'r_form_var': -4.6008551908016664e-06, 'r_height': -0.0002530717756599188, 'r_smooth': -0.0015726275742053986, 'r_evade': -2.1039536833763126, 'r_safe': 0.0, 'workspace_pen': -0.0, 'sep_pen': 0.0, 'static_pen': -0.24821014404296876, 'collision': -8.0}",random
67,-2.2734191509519537,0.05680432170629501,0.06427290290594101,3.7000627344241366e-05,1.2362002962618135e-05,0.10754289478063583,1.0,1.0,"{'r_form': -0.03941974393324926, 'r_form_var': -1.5540263484581372e-05, 'r_height': -4.944801185047254e-06, 'r_smooth': -0.001415955424308777, 'r_evade': -2.077371315658093, 'r_safe': 0.0, 'workspace_pen': -0.0, 'sep_pen': 0.0, 'static_pen': -0.27601692676544193, 'collision': -8.0}",nearest
68,-23.711689899931923,0.04662184417247772,0.05788523703813553,6.248390127439052e-05,0.00024355649657081813,0.11019525676965714,1.0,1.0,"{'r_form': -0.03476361687062308, 'r_form_var': -2.6243238535244016e-05, 'r_height': -9.742259862832725e-05, 'r_smooth': -0.0010968694835901262, 'r_evade': -2.069414229691029, 'r_safe': 0.0, 'workspace_pen': -0.0, 'sep_pen': 0.0, 'static_pen': -0.2304412364959717, 'collision': -8.0}",nearest
69,-27.783871751483513,0.051848042756319046,0.054522741585969925,3.0016831260581966e-06,0.0006057024002075195,0.10677839815616608,1.0,1.0,"{'r_form': -0.03335851753829047, 'r_form_var': -1.2607069129444423e-06, 'r_height': -0.00024228096008300782, 'r_smooth': -0.0009185303747653961, 'r_evade': -2.05317152440548, 'r_safe': 0.0, 'workspace_pen': -0.0, 'sep_pen': 0.0, 'static_pen': -0.259899115562439, 'collision': -8.0}",round_robin
70,-26.31627812184561,0.04580731317400932,0.049653150141239166,1.518037879577605e-05,0.0005564689636230469,0.18736417591571808,0.0,1.0,"{'r_form': -0.030024928962811826, 'r_form_var': -6.37575909422594e-06, 'r_height': -0.00022258758544921876, 'r_smooth': -0.000913313776254654, 'r_evade': -1.837907472252846, 'r_safe': 0.0, 'workspace_pen': -0.0, 'sep_pen': 0.0, 'static_pen': -0.2464604139328003, 'collision': 0.0}",most_error
71,-25.753449485636605,0.0496494323015213,0.0582694448530674,2.4854158255038783e-05,0.0004677772521972656,0.5384483337402344,0.0,1.0,"{'r_form': -0.03524530512513593, 'r_form_var': -1.0438746467116288e-05, 'r_height': -0.00018711090087890627, 'r_smooth': -0.0008995560556650161, 'r_evade': -0.784654998779297, 'r_safe': 0.0, 'workspace_pen': -0.0, 'sep_pen': 0.0, 'static_pen': -0.3117396354675293, 'collision': 0.0}",random
72,-27.946066948468157,0.05035988241434097,0.05920266732573509,4.628868191502988e-05,0.0002393245667917654,0.357400119304657,0.0,1.0,"{'r_form': -0.03586502041434869, 'r_form_var': -1.9441246404312548e-05, 'r_height': -9.572982671670616e-05, 'r_smooth': -0.0010430010408163071, 'r_evade': -1.3277996420860292, 'r_safe': 0.0, 'workspace_pen': -0.0, 'sep_pen': 0.0, 'static_pen': -0.23821003437042237, 'collision': 0.0}",random
73,-5.920280952594336,0.05105974152684212,0.06853827834129333,0.00020635877444874495,6.53505339869298e-05,0.10857677459716797,1.0,1.0,"{'r_form': -0.041335564791224896, 'r_form_var': -8.667068526847286e-05, 'r_height': -2.6140213594771922e-05, 'r_smooth': -0.001103663071990013, 'r_evade': -2.0742696762084964, 'r_safe': 0.0, 'workspace_pen': -0.0, 'sep_pen': 0.0, 'static_pen': -0.25141820907592777, 'collision': -8.0}",most_error
74,-24.805853522424094,0.04289253056049347,0.05571068450808525,9.380064875585958e-05,0.00023949146270751953,0.22646477818489075,0.0,1.0,"{'r_form': -0.033228231600951404, 'r_form_var': -3.9396272477461025e-05, 'r_height': -9.579658508300782e-05, 'r_smooth': -0.0009228906780481339, 'r_evade': -1.6748145572841169, 'r_safe': 0.0, 'workspace_pen': -0.0, 'sep_pen': 0.0, 'static_pen': -0.25562572479248047, 'collision': 0.0}",most_error
75,-2.90622769209214,0.061245210468769073,0.06550043821334839,9.545167813485023e-06,0.0005556464311666787,0.10620566457509995,1.0,1.0,"{'r_form': -0.04062879252014681, 'r_form_var': -4.008970481663709e-06, 'r_height': -0.00022225857246667148, 'r_smooth': -0.00178548663854599, 'r_evade': -2.0813830062747005, 'r_safe': 0.0, 'workspace_pen': -0.0, 'sep_pen': 0.0, 'static_pen': -0.20984256267547607, 'collision': -8.0}",random
76,-21.165069365829954,0.044668082147836685,0.06118195131421089,0.00010087173723150045,0.00029096603975631297,0.10520178824663162,1.0,1.0,"{'r_form': -0.03646280728280544, 'r_form_var': -4.2366129637230184e-05, 'r_height': -0.0001163864159025252, 'r_smooth': -0.0011213548481464387, 'r_evade': -2.0449739597737793, 'r_safe': 0.0, 'workspace_pen': -0.0, 'sep_pen': 0.0, 'static_pen': -0.26318628787994386, 'collision': -8.0}",most_error
77,-2.7311354959841667,0.06699926406145096,0.06991282850503922,8.933921890275087e-06,0.0002527594624552876,0.10808739066123962,1.0,1.0,"{'r_form': -0.04387391016818583, 'r_form_var': -3.752247193915536e-06, 'r_height': -0.00010110378498211503, 'r_smooth': -0.001398567706346512, 'r_evade': -2.0757378280162815, 'r_safe': 0.0, 'workspace_pen': -0.0, 'sep_pen': 0.0, 'static_pen': -0.21298058032989503, 'collision': -8.0}",nearest
78,-2.784324882245487,0.08220814913511276,0.08474317193031311,5.7196325542463455e-06,0.0005177736165933311,0.10597817599773407,1.0,1.0,"{'r_form': -0.05455827047582716, 'r_form_var': -2.402245672783465e-06, 'r_height': -0.00020710944663733245, 'r_smooth': -0.0013350018858909608, 'r_evade': -2.082065472006798, 'r_safe': 0.0, 'workspace_pen': -0.0, 'sep_pen': 0.0, 'static_pen': -0.21284270286560059, 'collision': -8.0}",random
79,-4.759559231249222,0.03831426426768303,0.038576047867536545,9.006669898781183e-08,0.00044395923032425344,0.10885259509086609,1.0,1.0,"{'r_form': -0.02314406332792714, 'r_form_var': -3.7828013574880964e-08, 'r_height': -0.00017758369212970138, 'r_smooth': -0.001141183376312256, 'r_evade': -2.073442214727402, 'r_safe': 0.0, 'workspace_pen': -0.0, 'sep_pen': 0.0, 'static_pen': -0.25956876277923585, 'collision': -8.0}",random
80,-20.266410939758497,0.05084716156125069,0.05730482190847397,3.2331077818525955e-05,0.00039696693420410156,0.10867433249950409,1.0,1.0,"{'r_form': -0.034839353014249355, 'r_form_var': -1.3579052683780898e-05, 'r_height': -0.00015878677368164062, 'r_smooth': -0.0009872362762689592, 'r_evade': -2.073977002501488, 'r_safe': 0.0, 'workspace_pen': -0.0, 'sep_pen': 0.0, 'static_pen': -0.23271400928497316, 'collision': -8.0}",round_robin
81,-5.792541754670403,0.059729643166065216,0.0637877807021141,1.125059679907281e-05,0.0003481387975625694,0.10321487486362457,1.0,1.0,"{'r_form': -0.03947898203507066, 'r_form_var': -4.72525065561058e-06, 'r_height': -0.00013925551902502776, 'r_smooth': -0.0013380995392799377, 'r_evade': -2.0903553754091266, 'r_safe': 0.0, 'workspace_pen': -0.0, 'sep_pen': 0.0, 'static_pen': -0.23199887275695802, 'collision': -8.0}",round_robin
82,-20.23600224964753,0.05622188001871109,0.06374555826187134,2.2757185433874838e-05,0.0007049322011880577,0.10029356181621552,1.0,1.0,"{'r_form': -0.03904035230632871, 'r_form_var': -9.558017882227431e-06, 'r_height': -0.0002819728804752231, 'r_smooth': -0.0008750913292169571, 'r_evade': -2.099119314551354, 'r_safe': 0.0, 'workspace_pen': -0.0, 'sep_pen': 0.0, 'static_pen': -0.217218279838562, 'collision': -8.0}",round_robin
83,-13.837832274480519,0.048875145614147186,0.054598644375801086,4.820225512958132e-05,0.0005054116481915116,0.10373826324939728,1.0,1.0,"{'r_form': -0.033134071952663366, 'r_form_var': -2.024494715442415e-05, 'r_height': -0.00020216465927660467, 'r_smooth': -0.0010426585376262665, 'r_evade': -2.045214442163706, 'r_safe': 0.0, 'workspace_pen': -0.0, 'sep_pen': 0.0, 'static_pen': -0.24054479598999023, 'collision': -8.0}",random
84,-4.961093309014369,0.08445461094379425,0.08661652356386185,3.3652693218755303e-06,0.00025794506655074656,0.1068149134516716,1.0,1.0,"{'r_form': -0.05599799828138202, 'r_form_var': -1.4134131151877225e-06, 'r_height': -0.00010317802662029862, 'r_smooth': -0.0012228359282016755, 'r_evade': -2.0610796041786674, 'r_safe': 0.0, 'workspace_pen': -0.0, 'sep_pen': 0.0, 'static_pen': -0.22273762226104737, 'collision': -8.0}",nearest
85,-3.0777738828431067,0.07371177524328232,0.07522577792406082,7.329034815484192e-06,0.0003246545675210655,0.10384704172611237,1.0,1.0,"{'r_form': -0.047839228683151304, 'r_form_var': -3.07819462250336e-06, 'r_height': -0.0001298618270084262, 'r_smooth': -0.0014246951043605804, 'r_evade': -2.0884588748216633, 'r_safe': 0.0, 'workspace_pen': -0.0, 'sep_pen': 0.0, 'static_pen': -0.22980146408081056, 'collision': -8.0}",nearest
86,-8.679694923204156,0.05424930900335312,0.05941105633974075,1.722798333503306e-05,0.00019693374633789062,0.10902153700590134,1.0,1.0,"{'r_form': -0.03637841763906181, 'r_form_var': -7.235753000713884e-06, 'r_height': -7.877349853515626e-05, 'r_smooth': -0.0008527169376611709, 'r_evade': -2.0434054449200634, 'r_safe': 0.0, 'workspace_pen': -0.0, 'sep_pen': 0.0, 'static_pen': -0.2178215026855469, 'collision': -8.0}",most_error
87,-13.88920823978389,0.05942176654934883,0.07088522613048553,4.728914063889533e-05,0.00033512114896439016,0.10677973181009293,1.0,1.0,"{'r_form': -0.04345287355361506, 'r_form_var': -1.986143906833604e-05, 'r_height': -0.00013404845958575606, 'r_smooth': -0.001007251963019371, 'r_evade': -2.033684534579516, 'r_safe': 0.0, 'workspace_pen': -0.0, 'sep_pen': 0.0, 'static_pen': -0.2523342609405518, 'collision': -8.0}",random
88,-22.934276138022703,0.05683286115527153,0.06896203011274338,3.997470048489049e-05,0.000458192836958915,0.10501053184270859,1.0,1.0,"{'r_form': -0.04205218306509778, 'r_form_var': -1.6789374203654006e-05, 'r_height': -0.000183277134783566, 'r_smooth': -0.001073748841881752, 'r_evade': -2.077853144705296, 'r_safe': 0.0, 'workspace_pen': -0.0, 'sep_pen': 0.0, 'static_pen': -0.2821420907974243, 'collision': -8.0}",nearest
89,-10.279893021868439,0.04925807565450668,0.0598808228969574,2.8586568078026175e-05,0.00021946430206298828,0.10675370693206787,1.0,1.0,"{'r_form': -0.03611095319734886, 'r_form_var': -1.2006358592770993e-05, 'r_height': -8.778572082519532e-05, 'r_smooth': -0.0009309829771518707, 'r_evade': -2.0362798847258095, 'r_safe': 0.0, 'workspace_pen': -0.0, 'sep_pen': 0.0, 'static_pen': -0.23584208488464356, 'collision': -8.0}",random
90,-6.821042548467181,0.0778713971376419,0.07975607365369797,3.021177008122322e-06,0.0002781272050924599,0.10531292855739594,1.0,1.0,"{'r_form': -0.05103372616693378, 'r_form_var': -1.268894343411375e-06, 'r_height': -0.00011125088203698397, 'r_smooth': -0.0013143911957740784, 'r_evade': -2.0840612143278126, 'r_safe': 0.0, 'workspace_pen': -0.0, 'sep_pen': 0.0, 'static_pen': -0.2248328685760498, 'collision': -8.0}",random
91,-18.082636020077956,0.06570102274417877,0.07506999373435974,5.106332173454575e-05,0.0006796360248699784,0.10971824079751968,1.0,1.0,"{'r_form': -0.0466252686176449, 'r_form_var': -2.1446595128509215e-05, 'r_height': -0.0002718544099479914, 'r_smooth': -0.0010421588271856308, 'r_evade': -2.0708452776074413, 'r_safe': 0.0, 'workspace_pen': -0.0, 'sep_pen': 0.0, 'static_pen': -0.2613701343536377, 'collision': -8.0}",nearest
92,-3.265654179360907,0.07391239702701569,0.07575628906488419,3.946257493225858e-06,0.0004798769950866699,0.1041911169886589,1.0,1.0,"{'r_form': -0.04816386009100825, 'r_form_var': -1.6574281471548602e-06, 'r_height': -0.00019195079803466797, 'r_smooth': -0.0014601002633571624, 'r_evade': -2.0874266490340236, 'r_safe': 0.0, 'workspace_pen': -0.0, 'sep_pen': 0.0, 'static_pen': -0.2496807336807251, 'collision': -8.0}",nearest
93,-5.256520458328244,0.040363870561122894,0.0452583022415638,1.7165282770292833e-05,0.0004478454648051411,0.1088855043053627,1.0,1.0,"{'r_form': -0.027073376917978748, 'r_form_var': -7.209418763522989e-06, 'r_height': -0.00017913818592205644, 'r_smooth': -0.0010199949890375138, 'r_evade': -2.0733434870839123, 'r_safe': 0.0, 'workspace_pen': -0.0, 'sep_pen': 0.0, 'static_pen': -0.2540295600891113, 'collision': -8.0}",random
94,-23.58253819426343,0.051896799355745316,0.06390958279371262,5.023187259212136e-05,0.0004883169895038009,0.10522876679897308,1.0,1.0,"{'r_form': -0.038670051442459226, 'r_form_var': -2.109738648869097e-05, 'r_height': -0.00019532679580152036, 'r_smooth': -0.0008970843255519867, 'r_evade': -2.084313699603081, 'r_safe': 0.0, 'workspace_pen': -0.0, 'sep_pen': 0.0, 'static_pen': -0.25388646125793457, 'collision': -8.0}",nearest
95,-3.0227505457315367,0.07443901151418686,0.07715320587158203,4.398191776999738e-06,7.671117782592773e-05,0.10796327143907547,1.0,1.0,"{'r_form': -0.04902863895054906, 'r_form_var': -1.8472405463398897e-06, 'r_height': -3.06844711303711e-05, 'r_smooth': -0.0013031335175037384, 'r_evade': -2.076110185682774, 'r_safe': 0.0, 'workspace_pen': -0.0, 'sep_pen': 0.0, 'static_pen': -0.26456584930419924, 'collision': -8.0}",nearest
96,-17.281466608400372,0.04640727490186691,0.04826792702078819,4.009430540463654e-06,0.0006673812749795616,0.111293725669384,1.0,1.0,"{'r_form': -0.029295565718784927, 'r_form_var': -1.6839608269947346e-06, 'r_height': -0.00026695250999182464, 'r_smooth': -0.0010116872936487198, 'r_evade': -2.020054975152016, 'r_safe': 0.0, 'workspace_pen': -0.0, 'sep_pen': 0.0, 'static_pen': -0.2547187805175781, 'collision': -8.0}",nearest
97,-29.32568877546314,0.054449040442705154,0.06848631799221039,5.891950422665104e-05,0.0006583333015441895,0.2960336208343506,0.0,1.0,"{'r_form': -0.04152713613817468, 'r_form_var': -2.4746191775193436e-05, 'r_height': -0.0002633333206176758, 'r_smooth': -0.0009155182540416717, 'r_evade': -1.5118991374969484, 'r_safe': 0.0, 'workspace_pen': -0.0, 'sep_pen': 0.0, 'static_pen': -0.29998779296875, 'collision': 0.0}",most_error
98,-6.299583419378562,0.04441288858652115,0.048235949128866196,1.940433867275715e-05,0.0003257870557717979,0.10471178591251373,1.0,1.0,"{'r_form': -0.029103635714855046, 'r_form_var': -8.149822242558001e-06, 'r_height': -0.00013031482230871916, 'r_smooth': -0.0011986048519611358, 'r_evade': -2.081721170432866, 'r_safe': 0.0, 'workspace_pen': -0.0, 'sep_pen': 0.0, 'static_pen': -0.23833272457122803, 'collision': -8.0}",most_error
99,-22.872185128320673,0.0499991849064827,0.0653330460190773,9.689227590570226e-05,0.00017693042173050344,0.104530930519104,1.0,1.0,"{'r_form': -0.03931315675377846, 'r_form_var': -4.0694755880394945e-05, 'r_height': -7.077216869220138e-05, 'r_smooth': -0.001039370745420456, 'r_evade': -2.0864072084426883, 'r_safe': 0.0, 'workspace_pen': -0.0, 'sep_pen': 0.0, 'static_pen': -0.2366607427597046, 'collision': -8.0}",nearest
